Comments,Label
വിശുദ്ധ മലം പെണ്ണുമ്പിള്ളേ നീ ആണി അടിച്ചു 🔥,1
Aadyam ath parayan padik,0
അത് പൊക്കി കാണിക്കാനും വേണം തൊലിക്കട്ടി 🙏അപാരം.....,1
Ethoke namall boys ettal ulla avastha😂😂😂,0
Ororo peladi makkal,1
Onn poyeda myre,1
Myyr .. orannem kathikkatte,1
Myru poda myre 😂,1
Aaarakkum manasillayillla,0
Puthiya vanam irangiyitttnd,1
Ith enth thenga aan,1
2 kilavanmaarum koode fans undakaan sramikunu,1
Athu Polichu Mone,0
സായിപ്പ് പൊളിച്ചു.kollada മക്കളെ,0
ഈ കവട്ട മൈരന് പറ്റിയ ജോലി ഇതാണ് 😂,1
എടാ കാട്ടു കോഴീ😂😂,1
nee kunna njan nallavan ❤️,1
Ayin aareyum vicharichilla,0
അമ്പട കുണ്ണെ 👏,1
വീണിടത്തു കിടന്നു ഉരുളാണ്ട് എണീച്ചു പോ മൈരേ..,1
Lal real chiri anu athu frameill vannu,0
Ith nammude vijayam,0
Eeswara lalettanano ith,0
മൈരന്റെ അഭിനയം🔥,1
Sathyam parayubol palarkum pidikila,0
ചാണക സ്റ്റോറി,1
തൂറി തോൽപ്പിക്കുക 😂,1
സംഘികൾക്ക് അല്ലാതെ ആർക്ക് വേണം 💩,1
Empuraan ne cinimayi kananm ennu parnjavr ithu agne kandal mathi😂👍🏻,0
സുടാപ്പികൾ മുഴുവനും തൂറി മെഴുകുന്നു🤣🔥,1
Ethine onnum stop cheyan oru strikeum Elle????,0
എന്റെ പൊന്നു ചങ്ങായി ആ മൈരനെ തനി ബ്രതാണ്,1
Eee myran enthinte kutty aanavo😂,1
Andi murikaatha kunden pregnant aayaa 😂,1
പറയാൻ നാണമിലെ പു മോനെ,1
ശാസ്ത്രം തോറ്റ് പുണ്ടച്ചി മോൻ ജയിച്ചു 😦😦💥,1
ഇനി ഒരു മാസം കോൽ കളി ഉണ്ടാകില്ല 🙏🙏,1
എന്തൊക്കെ ഈ കുണ്ടൻ നാറി പറയുന്നത്,1
അത് അങ്ങനെ കുറെ എണ്ണം 😂,0
angane kore vaanangal 🥲👍🏻,1
Kore ennathinod paranjittund,0
yendhaa undaye Njan onnum arinjilla ,0
ഒന്ന് പറഞ്ഞ് രണ്ടിന് തന്തക്ക് വിളി ആണല്ലോ മോളെ നീ തിരിച്ച് തലമുറയ്ക്ക് ഉള്ളത് തരാൻ അറിയഞ്ഞിട്ട് അല്ല കൊട്ടോടി,1
enna pne Nadakkana angleil phot edknm 🙂,0
Eee thittathini pattpadan ariyilla Apala eyaal 😂👏,1
കഴപ്പ് അങ്ങ് തീർന്നു,1
Njan eth shaarekkum anubhavechet ondd🙂💯,0
Athipoo labhayillo😂,0
Thallu umbo mayathil thallanam,0
എന്താ മോളെ ഉറുമ്പ് കടിച്ചോ നിനക്ക് 😂,1
ഇത് ഇത്ര ചിരിച്ചു തള്ളുന്നതാണ് നമ്മുടെ ഒക്കെ കുഴപ്പം.. 😮,0
ഈ അലാറം കേകുമ്പന്നെ... വേഗം സൈഡ് button അമർത്തും..😂,0
എന്തോരം ആൾകാര എന്റെ തന്തക്ക് വിളിക്കുന്നെ 😂,1
മറ്റെ മൈരൻ ഇവൻറ പുക കണ്ടെ അടങ്ങു.,1
നീ ഒരു നാൾ കരയേണ്ടി വരും 📈,1
മോട്ടോർ എന്നൊക്കെ പറഞ്ഞാ... കുറഞ്ഞ് പോവും😂ജനറേറ്റർ,0
കഴിവ് ഇല്ലാത്തവനോട് കഴിവ് ഇല്ല എന്ന് തന്നെ പറയണം😭,0
Face marakan padillarnn ennale ivanmar pdiku,0
പെട്ടന്ന് കണ്ടപ്പോൾ പേടിച്ചു 🙂,1
Kuthira aan prathima alla ayn jeevan ind🙏🏻😵,0
എന്താല്ലേ നിനക്ക് ഇതൊക്കെ വലിയ സംഭവം ആണല്ലേ 😂😂😂,1
കഴിവുള്ളവരെ ലോകം അംഗീകരിക്കില്ല 👏,0
aarada ithineyokke vilichath🤌🤢,1
ആ ചെപ്പ നോക്കി ഒന്ന് പൊട്ടിക്ക് അവന്റെ 🥵✅ ചില്ലറ കഴപ്പ് ഒന്നും അല്ല,1
Intro valarea manoharam ayittind😂,0
Kannu kulirma ulla kazhicha pwilich😂,0
thani vedi look,1
പട്ടിയാണ്ടിയുടെ ഒരു കാര്യം അത് ഒപ്പിയെടുത്ത നിന്നെയും സമ്മതിക്കണം 😂😂😂,0
beard shave aaki keriya mathi or 2 round run 🏃 🥲,0
Nee aynakaatiyum PICK ME😂,1
നീയൊക്കെ പഠിക്കാൻ തന്നെയാണോ കെട്ടിയൊരുങ്ങി വരുന്നത് 😬,1
Iyalod makeup idan aarum paranjillalo,0
"da chengaye, block aaki podo. Pathenghil paray njan block aakam",1
Ath angane kore neram vellkathor😒👍🏽,0
ninte oke ee pezhacha swabhavam karanam aanu ithoke kelkanath,1
Naatukarude theri kettu jeevitham theerkunna jenmam,1
nta ponn myre ninnennm aarkm Venda 🥴🫠,1
ചപ്പാൻ tharammo,1
പൊക്കി കഴിഞ്ഞാൽ മുഖം മറക്കാതെ വീഡിയോ ഇടണം,0
ഞാൻ പറയാനുള്ളത് കമെന്റിൽ വന്നു പറയും ഇൻബോക്സിൽ msg അയക്കൽ നിന്റെ തന്തയുടെ പണി,1
😂 പറി content വേണ്ടി ആണ് myre ഇതൊക്കെ,1
Oone pidichaal onn aa vdeo koodi idane 😂😂,0
ഒന്ന് പോടീ ബ്ലഡി ഫൂൾ🤭,1
Vry good kazhapoli🔥🔥🔥,1
ഈ നായിന്റെ മോനൊക്കെ എന്ത് സുഖമാണ് കിട്ടുന്നത് അടിച്ചു പല്ല് താഴെ ഇടണം.,1
ശോ ഇവനൊക്കെ ഇത് ഏതു നൂറ്റാണ്ടിലാണ് ആണുങ്ങളുടെ വില കളയാൻ😂,0
Alibintaaa pariii nayinta mole 😂,1
erghi poda nte feednn,1
നിന്നെപ്പോലത്തെ തിട്ടത്തെ വാരിയെടുക്കൽ അല്ല കേരളാ പോലീസിൻ്റെ പണി😂,0
ഇതൊക്കെ എന്തിനാ ഇവിട വന്ന് പറയുന്നേ 😂,0
Oh nee oombum onnu podi 💦💦💦💦,1
 Ingne reply prnjal Neeyum avanum thammil oru vithyasam illalo 😂,0
Ni puluthm,1
കാന്താരി മുളക് അരച്ച് തേച്ച് കൊടുക്കണം...🙂🚶🏻💯,0
Ankk ithu parayan enthu yogyatha.,0
Myr ith nokki orennam vittu💦💦💦 ntha sugam,1
ക്ലോസെറ്റിന്റെ ഉള്ളിൽ കേറി ഇരുന്നു തുടക്കമായിരുന്നു,0
Robot varum chechi water proof erangiya bathroom inta karyam set,0
poo poori mwone,1
Endaa life boradikumbol veruthe poyi iPhone vanguva 😅😂,0
Paavangalee onn sahahichudee😢,0
Neyoke reach vendi alle parayunne..,1
അടി കുണ്ടാ കൂട്ടമണി,1
Aarakilum onun paraj mansilaki koode ko plzzzz😂,0
Nalla senioursity indallo😂,0
th trollammarude vijayam😂,0
തുള' ഇടം😁,1
Aa manni adichapol ikayuday manni kudi adi kanum,0
Oru mani adichapoo 2 mani adicha mathiri ☠️,0
Entha big boss അടിച്ചു puttiyo😂😂,0
ഇവളെയും jasna സലിംമിനെയും അകത്താക്കണം പുറം ലോകം കാണിക്കരുത് 😂,1
കുടിക്കേണ്ട കിഡ്നി പോകും,0
Aduthy varshm thanty maranm orpp annal😂,1
ഇങ്ങനൊക്കെ ആണേലും സ്പ്രേ മ്മക്ക് ഹറാമാണ് ഗയ്സ് 😂😂😂,1
Skin alla phone aa change aayath 👏,1
Nail polish spray haraam backi allam halal akiya thatha,1
Nee yedakku okke onnu cancer centar el onnu sandarshikkunnathu nallatha…,1
Halal ഇത്ത,1
ഇവരുടെ കോമ്പോ ഇപ്പോൾ ഇഷ്ട്ടമായി varunnu🥰,0
കൊടുത്ത് കൊടുത്ത് കൊടുത്ത് നെഗറ്റീവോളിക്കളുടെ അണ്ണാക്കിൽ കൊടുത്തു... 😌📈,0
പിരിഞ്ഞു എന്ന് പറഞ്ഞവരൊക്കെ ഒന്നു കാണു,0
അവൻ ഫുൾ ഡിലിറ്റ് ആക്കി,0
അഴക് പിള്ളേർ 😂,1
Avanu ivale pucham..but ivale vachu reach venam😂,1
കുള്ളന് മടുത്തു 😂😂😂,1
😁ഇവരുടെ ലിംഗ് ആർക്കേലും കിട്ടിയോ ഗയ്‌സ് 😁,1
Allu Arjun പടത്തിലെ നായിക്കെനെ പോലെയുണ്ട്,0
ഹറാം എല്ലാം ഹലാൽ ആക്കിയ ജാസ്മിൻ 😂,0
കുളിച്ചില്ലങ്കിൽ എന്താ,1
ഗബ്രി കടിച്ചും ചപ്പിയും എടുതവൾ,1
തീട്ടം,1
Anumolde sthanth jasmin ayrinel eppo ellathin theripichnea😂,0
pott idal haram alley🥱🥱🥱,1
തൂറാൻ മുട്ടിയത് ആണോ ?,1
ആരൊക്കെ എന്തൊക്കെ പറഞ്ഞാലും ഇവൾ sexy ആണ്,1
ആ നാമം മാറ്റി.. ശാന്ത ആക്കിക്കോ,1
Sanam oombikanam ninte vayayil itt,1
ആ മൂക്കിലൂടെ കയ്യിട്ടിരുന്നെങ്കിൽ പൊളി ആയേനെ 😂,1
വിറയൽ aano😄😄😄,1
Njn orthu thirich vekkunn 😂 51 🏃,0
പറയുന്നവർ അങ്ങനെ പറഞ്ഞുകൊണ്ടിരിക്കും നീ എല്ലാം കാണിക്കു മുത്തേ👏,1
ഇതിനു 25ആയിട്ടുള്ളു കണ്ടാൽ 35ആയി തോന്നും 🤔,1
ഈ തള്ളക്ക് 25ഓ..,1
ഏദ് മൂഡ്... നൊസ്റ്റാൾജിയ മൂഡ്.. 🥰,0
സ്പ്രേ ഹറാം ആണ് ❤️🙌. But കക്ഷം കാണികൽ ഹലാലും 😂😂,1
കളിക്കാരി 🤓,1
ഇത് ഒക്കെ എങ്ങനെ മരിച്ചു പോവോ nthoo.. Allahooo🙃,1
ഏതാ പുതിയ കളിക്കാരൻ 😂😂😂🤔,1
എന്താണ് കുറ്റി കട്ടിൽ ഒരു പരിവാടി ഇത്ത,1
Panam koodi vasthrathinde alav kuranju,1
Enik ivale kanda arapp aanu,1
Enik ishttam aayath jasmin reaction aanu 😂😂😂😂,0
നിഷ്കളങ്കൻ ഇനിയും ഉയരങ്ങളിൽ എത്തും ❤️🙌,0
ഓന്റെ കഴിവ് മനസ് വെച്ച് ഇങ്ങനെ തന്നേ പോകും ❤️🌝,0
Enik chicken stooo mathre ariyavulle🥲,0
ഇവിടെ സ്റ്റൂ ന്ന് പറഞ്ഞ ബീഫ് സ്റ്റൂ വേണോ ചിക്കൻ സ്റ്റൂ വേണോന്നു ചോദിക്കും,0
എന്ത് പെട്ടന്നാണ് പെണ്ണ് eagle ആയത് 🤣🔥,0
ഇനിയും അപമാനങ്ങൾ ഏറ്റുവാങ്ങാൻ അവളുടെ ജീവിതം ബാക്കി 😌😌😌,1
Chechi evide poyalum eth analo avasthaaa😂,0
Aaha self trolling okke thudangiyello 👏,0
Oru mattom illalo🤣,0
nala pole kittibodhichuuu😂,0
Chechi oru mukhamoodi oke ett vasu annante live il kerr chechi😂,0
Oru thanthak vili kettapo entha resam hayyaa 😂,0
വട്ടത്തിലും തൃഗോനത്തിലും ഊക്🤣,0
ഒരു ട്വിസ്റ്റ്‌ പ്രേതിഷിച്ച ഞാൻ ആരായി ഇപ്പൊ..!!🙂🚶‍♂️,0
ഇത് എന്ത് myre 😮,1
ഇത് ഒന്നും ആർക്കും മനസിലാകത്തില്ല Bro എല്ലാവർക്കും അവരവരുടെ കാര്യം,0
onn podo Hans aarnn kunju vittath..,1
Thanthaykk vilichittanallo thudakkam 😂,0
ആരാ പറഞ്ഞു ആണുങ്ങൾ മെയ്ക്കപ്പ് ചെയ്യില്ല എന്ന് 😂,0
രണ്ട് പഴങ്ങൾ പൊന്തിയതിൻ്റെ തെളിവ്😂😂,1
Ee chechi alle mammookkede mol aayittu act cheythathu😲😲😲,0
Vry good kazhapoli🔥🔥🔥,1
ഒരു മുട്ടൽ കൊണ്ട് വൈറൽ ആയി 😂,0
ഒരാളെ ഇങ്ങനെ ഇല്ലാണ്ടാക്കാൻ അനകെ പറ്റു 😂😂😂,0
Njan orikkal anubavichadha profile video und ,0
എനിക്ക് ഒരു ഫോട്ടോ ആയിരുന്നു വേണ്ടത്... അത് കിട്ടി.. ഞാൻ പോട്ടെ 😹📈,0
എന്നോട് ഈ ചതി വേണ്ടാർന്നു 🥲🥲,0
Oru self satisfaction alley. Enthaa cheyya.. ellam ithey avastha 😂😂,0
ഓസ്ക്കാർ തോറ്റു പോകും…,0
Ana poyi umb myrekale🖕🏿,1
ഈ ഡ്രസ്സ്‌ മാറ്റുന്ന പരുപാടി ഒന്ന് മാറ്റി പിടിക്കാൻ പറ്റോ ഇല്ലാലോ .... 😌😌😌😁😁😁😁,0
കടലിലെ ഒരു മീന മാത്രം നീ പിടിച്ചിട്ടുള്ളൂ😂😂😂,0
പാവം നായിന്റെ മോന് ഇത്രേം കഴപ്പുള്ള സ്ഥിതിക്ക് 😂,1
നീ ഒരു നാൾ കരയേണ്ടി വരും 📈,1
അയിന് നമ്മൾ എന്ത് വേണം😭🤣,0
Patti moothram ozhicha snow aano enn oru samshayam 🥲😂,0
Video kand sett aayi vannappzha caption😂 mood poyi mood poyiii😂,0
ആരൊക്കെ മൂത്രം ഒഴിച്ചതാണ്ണാവോ 😹,0
അണുക്കൾ ഉണ്ടാവില്ലേ 😐,0
Ath അറിയില്ലേ പട്ടി മാത്രം alla മനുഷ്യന്റെ polum undavum,0
Nombinum kali nadakkunnund soopr,1
കോണ🤮🤮🤮അതിൻ്റെ തൊളള കാണുമ്പോ അറപ്പ് തോന്നുന്നു🤮🤮🤮🤮🤮,1
Theettam,1
സോളോ വൈണർ നെ ട്രോളി ട്രോളി സെച്ചി എവിടെ വരെ എത്തി 🥹🔥,0
llengilum full tough step nte aala🤣,0
Shivane ith yeth jilla😂,0
Adhiyam ni thattamid,1
പെട്ടന്ന് കണ്ടപ്പോൾ പേടിച്ചു 🙂,0
ആ മുഖം ഒന്ന് കഴിയുമ്പോൾ ആണ് ശരിക്കുള്ള സൗന്ദര്യം വെളിയിൽ വരുന്നത്,1
Panchasara kannil therich irikknn😂,0
Anndi sadanam,1
arada ithineyokke vilichath🤌🤢,1
😂 എന്താല്ലേ നിനക്ക് ഇതൊക്കെ വലിയ സംഭവം ആണല്ലേ 😂😂😂,0
Bigbossilum tedx talkilum oke ethu oolakalkum pokam,1
Eth kelkan mathram gethikedd ola audience 😭,0
Ithrem divsm kazhinjille...onn nirthikoode 🤌🏻,0
Ni adyam nannav.... Enthayalum ninte athra koothara alla.... Podiiiiii,1
Aa bodham undenkil va adachirikku.... Cheeveed,1
Oru nilapaadil orach nikkaan polum kazhiv illaand winner aayaa biggest attention seeeker,1
Podi pulle😡😡😡,1
Onn podii avde maari irnn kaaranjala 😂🙃,1
The show is over athu manasilakku🤣🤣,0
കരച്ചിൽ തുടരും 💯🤣,0
മിടുക്കി സത്യം വിളിച്ചു പറയാനുള്ള ധൈര്യം കാണിച്ചു 🔥🔥🔥,0
ഞങ്ങൾ സാധാരണക്കാർ ആണ് അനുവിന്റെ pr നീ കരഞ്ഞു തീർത്തോ,0
Ayyal parannathe ath onnum alla...nii manasilakk,0
Onnu podi asooya ottum illa 🤣🤣,1
Ninnekkal kollam,1
Kittatha munthiri pulikkum🤣,0
വിശ്വാസം അതല്ലേ എല്ലാം 😌,0
Kann nte mele ndha sticker ahno 👀,0
Shelf clean aayath sredicha njan 😬😂,0
Cuteness thoori mezhukuvaanello 🤢,1
Self respect kalanju instayil koprayum. Add kanich indaakiya paisa Alle 😒,1
Chechi oru sunthari anneee😍,0
സ്വന്തമായി കളിയാക്കാനും വേണം ഒരു കഴിവ്😹👌,0
enthoru chechiyanawo ith..😂😂,0
Ninakkenthada vayye 🥹🤣,1
 roast maranu poyo😂,0
ഇതിനേക്കാൾ അസ്സഹാനിയ കാര്യങ്ങൾ നീ ഇപ്പോ ചെയ്യുന്നുണ്ട്,1
2 വർഷം മുമ്പത്തെ വീഡിയോ ആണോ prime.. ഇതിൽ വലിയ മാറ്റം ഒന്നുല്ലലോ 😂😂,0
തൊലി ഒരിഞ്ഞു പോവതില്ലേ 😂,0
Tik tok ban aayath nannayi😂,0
Cringe alla kazhappu anu enne njan parayu,1
ആ പുറകിൽ നിൽക്കുന്നത് ഞാൻ ആണല്ലോ....🙌🫣,0
Eni vaikathe instagramum ban avm 😂😂,0
Chirich tharanno,1
ആരെങ്കിലും ഒക്കെ കുത്തി പൊക്കി നാറ്റിക്കുന്നതിനു മുൻപ് ഞാൻ തന്നെ post ചെയ്യട്ടെ 😂😂😂,0
ഷിവനേ ഇത് എത് ജില്ല😂,0
നിനക്ക് എന്ത് പറ്റിയട 😂,0
Ath dark circles aano 😅😁,1
glue gun vech pervadii thodangiii tta makkaleeee🙂‍↕️🎀. ini full kalavirth okke kana,0
ഓഹോ... 3:58 am ഒക്കെ നിങ്ങൾക് midnight ആണോ?,0
Ellam Meth aanalle 😌... Dnt use synthetic,1
ഇത് ഒക്കെ എന്താ അണ്ണാചികൾ,1
hair ind but penn illaalo🥲😂,0
mole enikum und curly hair 😔💔,0
ഇല്ലാത്തവർക്ക് ഇത് ഇപ്പോഴും expensive തന്നെയാണ്,0
മുന മാറ്റിക്കൊണ്ടിരിക്കുന്ന പെൻസിൽ 😢,0
അന്നും ഇന്നും JCB അതായിരുന്നു luxury 🔥,0
Uchak chorinu pagaram maggy kondorunnath😂 pinne alle manasilayath ith nere thirichanenn 😂😂,0
Kaanatha pole irikkaam😭💗,0
നമ്മൾ ഇതിൽ ഇല്ല കണ്ടാ മതി 🙂💔,0
idhenth pari (enkum venam ignaa🥀💔),1
Etharayum Njan agrahichat oll😌,0
ഇതൊന്നും കാണാൻ ഞാനില്ല,0
Chatha pole kedakkam,0
Muthe kann thattaathe irikkatte ❤️🙌,0
Comment box muzhuvan adhuvum lakshmiyum kondupoyi😍😍😍,0
Allelum njangade piller aarodum personal grudge vakkarilla❤️❤️,0
Nthokkeya ee kanunne🤩,0
Paatt thekkott dance vadakott😂🔥,0
ഇതെന്നാ ഒന്ന് തീരുക 😢👏🙌,0
Dance aano glasss mukyam bigile😂…,0
ഓ മൊതലാളി ഇമ്പ്രൂവ് ആയിട്ടുണ്ട് 🔥,0
ആദൂ മാത്രല്ല ഓളെ മുടി കൂടെ ഡാൻസ് കളിക്കുന്നുണ്ട് 😂,0
പണ്ടാരങ്ങൾ,1
അറിയാവുന്ന പണിക്ക് പോപെണ്ണെ,1
ഒരു കുതിരയെ എങ്കിലും വിടാർന്നു bahu annan,0
നിങ്ങൾ ഒരു webseries തുടങ്ങിയാൽ മാസ്സ് ആവും 😂😂😂😂,0
ഇതാണ് മരിച്ചു അഭിനയിക്കുക എന്നൊക്കെ പറഞ്ഞാ 😂😂,0
എന്തോരം കഴിവുകളാ പിള്ളേർക്ക്😮😂😂,0
"ആ ഓറഞ്ചിനെ പിടിച്ച് olx ഇട്ട, ഞാൻ മേടിച്ചോളാം 🫣",0
ഇത് ഇങ്ങനൊന്നും അല്ലടാ 😂❤️🔥,0
മൈരുകൾ ഒരു ഫ്രെയിമിൽ,1
ഒപ്പിക്കൽ നു ഒക്കെ എന്താ ലൈക്‌ 🤩🤣🤣,0
Vangal okke onnichallo,1
teeff steps മാത്രേ നിക്ക് പറ്റു..,1
Ithokke content aaki reach vaganam....kodum vishagal,1
വൈരാഗ്യവും ഉള്ളിൽ വച്ചു മുഖം വീർപ്പിച്ചു നടക്കുന്ന സൂപ്പർ സെലിബ്രിറ്റി ഇതൊക്കെ കണ്ടു പഠിക്ക്😒,1
കുണ്ടത്തികൾ 🙌,1
അപ്പൊ full fake ആയിരുന്നു അല്ലേ എല്ലാം. കള്ള lesbians 🤣,1
സർളക് അമ്മായി 😂,1
പൈസക്ക് ഒന്നും വില ഇല്ലേ 😮 അമ്മാതിരി പുച്ഛം ആണല്ലോ 🤌🏻🥵,1
രാവിലെ ഐഫോൺ മേടിക്കാൻ പോയി രാത്രി ആയപ്പോഴാണ് മേടിച്ചു കഴിഞ്ഞത്🙂,0
Enik boar adikunn njn poi onn orangattey😒,0
വീടിൽ ഇരുന്ന് boar അടിക്കുന്നു സിറ്റൗട്ടിൽ poy ഇരിക്കാം 😮‍💨,0
ആനക്ക് പാവങ്ങളെ സഹായിച്ചൂടെ,1
Pootha panm nd leee kayyil shoooo,0
Korch ahangram koodiyon oru doubt,1
തൂറാത്തവൻ തൂറുമ്പോൾ തീട്ടം കൊണ്ട് ആറാട്ട് 😂,1
Aa dance vendaayirunnu,1
ഇനി റോഡിലൂടെ നടക്കാണെങ്കിലും ഹെൽമെറ്റ്‌ ധരിക്കേണ്ടി വരുമെല്ലോ ദൈവമേ....😂,0
ന*** ജീവിക്കുന്ന രണ്ടു ടീൻസ്,1
കുത്തിതിരിപ്പ് ടിം 😡😡😡,0
വെടല പൂറീ ബിന്നി,1
ollaboration vendarnn.worst😂,1
പിന്നിൽ അടിമകൾ,1
ഇതെന്തു മയരാണ്..... വല്ല പണിക്കും പോടി,1
Ee kootharakk kittiyath oru shikandiye 😂😂😂😂😂,1
Vanangal thanne🔥,1
കുട്ടി നിനക്ക് എന്തേലും കഴിവുണ്ടോ എന്ന് ചിന്തിക്കുക മറ്റുള്ളവരുടെ കഴിവിനെ പുച്ഛിക്കാനെ അറിയൂ,1
"മോനെ മുടിക്കെന്ത് പറ്റി,, നല്ലോണം ചൊറിയുന്നുണ്ടല്ലോ 😢😢😢",1
അടിമകൾക്കു പുതിയ step പഠിപ്പിച്ചു കൊടുക്കു.... 🫠,1
ഇതെന്തു മയരാണ്..... വല്ല പണിക്കും പോടി,1
Ni kettoola ketyalum nikkoola,1
Enna myrie anno,1
ഊമ്പ്,1
Vanamm,1
Ande shirt chambi alle,0
എന്ന് വെച്ചാൽ എന്താ meaning 😶‍🌫️,0
നല്ല ഊള ആയിട്ടുണ്ട് കണ്ടിട്ട് ചിരി വരുന്നു😂😂😂,1
Inte ponnaara moolaan😋🥹😭🫶🏼,0
🤔ithokr ivde van parayande avishyam 🤔,1
Ithu poltha oru jenmathinu etha perudend?🔪,1
നിന്റെ പ്രണയം സത്യം ആണെങ്കിൽ പൊട്ടിയ പല്ലും accept ചെയ്യണമായിരുന്നു....,1
Ayyo velya karyam aayi poyi.. Enth verrupeeru aayirunnu ival Bbyil,1
നിന്റെ തന്തേനെയും തള്ളേനെയും പറഞ്ഞാൽ മതി പറഞ്ഞാമതി,1
അവനെ കാണാൻ കൊള്ളാം പക്ഷേ നീ,1
Alibinde andi,1
Njii araanann vijaram,0
മേക്കപ്പ് ഇല്ലാത്ത മുഖം കാണിച്ചു തരാൻ നിങ്ങൾക്ക് ധൈര്യം ഉണ്ടോ  😂😂,1
"പുള്ളിക്ക് പെണ്ണ് കിട്ടാതെന്റെ frustration എന്ന് വിചാരിച്ചാമതി 😂😂,",0
അവൻ പൊട്ടക്കിണറ്റിലെ തവളയാണ് ...! 🙌,0
അവനിക്ക് അസൂയ അത്ര തന്നെ 😂💔,0
എന്തൊക്കെ പറഞ്ഞാലും ഈ കുട്ടി അല്പം ഓവർ ആണ്,1
ഇതിന്റെ സംസാരം തന്നെ ഇഷ്ടമല്ല,1
Eee 19 vayasil premichu nadakkunnath abhimanam aayi kond nadakkalle mole....,1
Konakkathe podi myre.....😂,1
18 muttumbo kalyanam kaich vidnna teamsaa ee paryne 🤣,1
അവൻ നല്ല സങ്കടം ഉണ്ടന്ന് തോന്നുന്നേ 🤣,0
Pennilathavante രോദനം 😭,0
Nee enthayalum munji alla🤣🤣🤣,1
hmm achan di enne vilikkumbo nthada enne chodekkunnathavum maturity,1
Namada life namal anni theerumanikana public akano private akano en 👏,0
Entha ee kattunne enthelum preshanam indo 🙄,1
മറന്ന് പോയാൽ ആലോചിക്കാൻ വയ്യാ 😂😂,0
അല്ല പിന്നെ വെറുപ്പ് പിടിക്കൂലേ😂😂,0
Idhokke endhina njangalod parynne?,1
Ante swabhavam aale olkku kittu 😂😂,0
വീട്ടിലെ പൊട്ടിയ ഓടുമാറ്റി വെക്കാൻ പറ്റാത്തവന്മാരായിരിക്കും പറഞ്ഞുണ്ടാവുക 😁,0
Iniyum valiya karyangal nedaan pattatte!,0
എനിക്ക് ചേച്ചിനെ ഇഷ്ടപ്പെട്ടു,0
Alhamdulillah എന്ന് പറയാൻ നിനക് അർഹത ഇല്ല... 💩🤮,1
Nii bigg boss ll poyii vanapo nii undakiyath kore hatersine ahn..🙂,0
സ്വന്തമായി ഉണ്ടാകുന്നത് എന്തായാലും അത് വലുതാണ് കുഞ്ഞേ 👏,0
Kure attum thuppum kitti🤣🤣🤣,1
Oole motivation 🥴ivide aarkkum vendda,1
Anikum ithepole avanam ennu agrham ind😢,0
നിന്റെ വീഡിയോസിൽ ഇഷ്ടപ്പെട്ട ഒരേ ഒരു വീഡിയോ,0
പാവം ആങ്ങള ചെക്കൻ,0
ചെറിയ കുട്ടിക്ക് എന്തിനാ ലിപ്സ്റ്റിക്,0
Giftee arenekilum kittukaa ennath ..enikoke oru swapnam mathram😂😂,0
Ente veetil gift pollum illa,0
But ittu pollum kittatha kids undavom ❤️,0
നോക്ക് തന്നത് 😂😂😂,0
മലയാളിയാരുന്നോ... 🫣🫣🫣 അറിഞ്ഞില്ല ഉണ്ണ്യേ,0
 Innu chirikkano atho 2 divasam kazinju chiricha mathio Chechi? 😂,0
Kunichhhnirthi Kothiladikkan thonunnu🤤,1
ഇതിനുള്ള ഒരുക്കമായിരുന്നു അല്ലേ,0
Kothipichu kothipichu ithu engotta,0
പൊക്കിൾ ശരിക്കും കാണുന്നില്ല ☺️,1
Allegilum sariyil kannan nalla bhangi aanu🥰💗,0
ninte comment kandappol manasilaayi ninte chindhaghedhiyum samskaram illaymayum❤️,0
enth vrithiketta samsaram ann nayinta mone ninne pole veetil choriyum kuthi avl irikano,1
വെടികളുടെ ഒരു കാലം,1
വളർത്ത് ദോശം,1
ആരാ പറഞ്ഞത്.. നിന്റെ തോന്നലാ,1
Pakshe ente parents ithinood sammathickunnund,0
മലയാളികൾ ആരും വന്നില്ല കുറച്ച് കഴിഞ്ഞിട്ട് വരാം...😂😂🙌,0
Background vare correct pidich ,0
ഉം എന്തേലും ആട്ടെ ഒരു ചായ മാത്രം താ 🙂,0
അന്നിയത്തിക്ക് പറ്റിയ കുട്ട് 😂😂😍,0
Enth thyrr ith 🤢,1
Ithathayu kollam aniyathiyum kollam😂🤍,0
മലപ്പുറം അണ്ണമാർ തമിയർ ട്ടച്ച്…,0
End verppikkala🙄,1
ഇത് ചേരുന്നുണ്ട് 😂,0
Mute cheyth nokanan kurach koodi nallath😂,0
Nirthi poone 🤮,1
Correct bhai look ond 😂😂,0
Audio elathe dance kand nokk 😂🤌🏻,0
niyathi sundri ne kuthri😂,1
"Aah shirt inn aan njan eehh reel like cheyunne ,Suiiiiiiiii🙌",0
Ithin inganayum undallee...😂,0
Eedha ee verpiknne penn ☺️,0
Save ആക്കി വെക്കാം എപ്പോഴേലും ആവിശ്യം വരും 😂😂😂😂,0
അതൊണ്ടാണോ ഇങ്ങൾ bigboss ഇൽ പേടിച്ച് കരഞ്ഞെ 😂,0
ഒന്നാണോ 😂 കേരളക്കര മൊത്തം അങ്ങിനെയ്ന്,0
എനിക്കു തിരിച്ചായിരുന്നു അ പൊട്ടാ പല്ലനെ നീ എങ്ങനെ തിരഞ്ഞെടുത്തു enna🤭,1
Alib inte andi on poye kochy,1
ഇത് അധികമൊന്നും പോകില്ല ഒരു മൂന്നുമാസം,1
ഇവന് വീടും കുടുംബവുമില്ലേ,1
Molde cheruppathil uppa oppam undayirunno ?,0
Pannam ullathinde kuthikazhapalle nii avide kattiyath😂,0
പ്രൈസ് ടാഗ് നോക്കാതെ എല്ലാം അങ്ങ് വാങ്ങാൻ പറ്റുന്നല്ലോ 🙌🔥,0
ഈ പ്രായത്തിൽ എത്താവുന്നതിനപ്പുറം എത്തി നിൽക്കുന്ന നിങ്ങൾ ആണ് മാതൃക 👏👏👏🔥,0
ഒന്ന് പോടീ മൈരാ,1
"വീട്ടിൽ പോലും ഈ പ്രശ്നം ഉണ്ടായില്ല, പൊതുജനങ്ങൾക്ക് മാത്രമേ ഉള്ളൂ 🙃👍🏻",0
Kittiyo? illa choichu vangi🤣🤣🤣,0
Reach indakkan palathum vilich parayaam eanna dharana ആണ് chilavarkk 😂😂😂,0
വെല്ലിമ്മനെ അങ്ങട്ട് ഇറക്കി 😂 ഒന്നും നോകീല 😁,0
Dey deyyyyy 😂 jan 30 kazhinja full pani,0
Njan illand ee paripadi munnot povathilla…,0
കൂട്ടത്തിൽ നിന്ന് ഒരുത്തൻ മാത്രം രക്ഷപ്പെട്ടാൽ ഇതാണ് അവസ്ഥ😂😂,0
അപ്പോൾ ഞാൻ ഇനി പണിക്കു പോണം 🤣,0
Swantham name anwarthamakuna nimisham,0
Ulladh parayalo ottum cheranilla,1
നല്ല ബെസ്റ്റ് കോലം😂,1
Enthina a chondil oru 1kg potti varri tecknne 🤦🏻😂,1
verthe ella anne ellaru moyandh nn viliknne 😇,0
Nte Ponnu makkale ath ummathinte kaaya aan....kazhchirnnel dead ayene😑,0
ആലിബ് രണ്ടെണ്ണം വിട്ടാൽ നല്ല extro ആണെന്ന് തോന്നുന്നു 😂,0
അലിഞ്ഞു പോയ് എൻ്റെ ഹൃദയം സഹോദരിമാരെ😮😍😂,0
ഇപ്പോളാണ് അങ്ങട്ട് ഷെരി ആയത് 🔥,0
എന്താ ഗുസ്തി with ഷൈത്താനി show ക്ക് വിളിച്ചില്ലേ നിന്നെ...... കണ്ടില്ലല്ലോ 😇😂,1
വിശന്നാൽ നിങ്ങൾ നിങ്ങല്ലാതാകും.. എടുക്കു ഒരു snickers 🙂,0
Ellaadathum ithenne avastha 😭🤌🏻,0
enna pinne naale thott aakam saving le 😂❤️,0
mudi k nalla volume thonikkn ktoo ❤️,0
മുലകുടി മാറാത്ത പെണ്ണൊക്കെ പ്രേമിക്കാൻ ഇറങ്ങിയിരിക്കുന്നു😂😂😂😂😂😂😂,1
ചെവിയിൽ 🌞 ഒക്കെ ഉണ്ടല്ലേ ദൈവം ആണോ 😂,0
Poyi padikadee penne.... Padikanda time premich nadukkuvaaa🤦‍♀️,1
കൊണ കൊള്ളാമോ അവളുടെ 😂😂,1
Kudumbha prekshakar ishtapedunna penkoch,0
ഒട്ടും രസമില്ല... ഈ വേഷത്തിൽ... അല്ലാതെ തന്നെ ഇയാൾ super ആണ്,0
"ഓരോ ആൾക് ഓരോ അഭിപ്രായം ആയിരിക്കും എനിക് നല്ല ബോർ ആണ് എന്താ അതിന്റെ കോലം, 🤮",1
സത്യം പറയാലോ ഭയങ്കര ബോറിങ് ആയിരുന്നു,1
Ithine akathum purathum ishttallathavar undo,1
Nine കാണാൻ തനെ ബോറാണ്,1
ചാക്ക് കിറിയാണോ ഇട്ടിരിക്കുന്നത്,0
മസ്താനി മോളോട് ജനങ്ങൾക്കും ഒടുക്കത്തെ സ്നേഹമാണ് 😂💀,0
അനീഷ് മണ്ടൻ അല്ലെന്ന് പുറത്ത് വന്നപ്പോൾ മനസ്സിലായി കാണും എന്ന് വിശ്വസിക്കുന്നു.,0
എന്നോട് പിണക്കം ഒന്നുമില്ലല്ലോ ല്ലേ 🙂,0
Sthyam parayaloo kollilaaa🙌🏻,1
ഇത്രയും കൂതറ ഡ്രസ്സ്‌ ഞാൻ ജീവിതത്തിൽ കണ്ടിട്ടില്ല.....,1
മില്ലിൽ അരി പൊടിക്കുന്ന തുണി പോലെയുണ്ട് കാല് കാണുമ്പോ 😂😂,0
കാലിൽ എന്താ plaster aanaa🙄,0
എൻ്റെ ഉമ്മമ്മ തൊഴുത്തിൽ കേറുന്നത് ഈ ഷൂ ഇട്ടിട്ടാണ്,0
അനുമോൾ പട്ടി ആണെങ്കി നീ പേ പിടിച്ച പട്ടി ആണ് മോളെ 😂,1
നമ്മൾ റീൽ കാണുന്നു അവൾ പൈസ ഉണ്ടാകുന്നു,0
ഏഷ്യൻ പെയിന്റ് അൾട്ടിമ പ്രൊട്ടക്റ്റ് വിള്ളലും പായലും പമ്പകടക്കും 😂😂,0
ബോഡി ബിൽഡിംഗ്‌. നോക്ണ്ടോ 🤗,0
ഞാനും കോഴിക്കോട് പയം മയ പൊര ഒന്നും പറായാറില്ല,0
Ippo varum kure ennam putti adichunn paranj😂🤣,0
Makeup onnum chyanda impress chyan vilicht kaycho ok ano avra karyangal anuveshecha mathi,0
എന്തങ്കിലും ഓക്കേ ചെയ്യൂ,0
എന്റെ വാവ എന്നോട് തെറ്റി ഇനി എന്ത് ചെയ്യാൻ പറ്റും റെനതാത്ത 🥹,0
ഇജ്ജ് ധൈര്യം ആയിട്ട് പുട്ടി ഇട്ടോ ഹോസ്പിറ്റൽ ഉള്ളടത്തോളം കാലം,1
തടി കുറയ്ക്കാൻ വ്യായാമം ചെയ്താൽ നന്നായിരിക്കും 😌🙌,0
അന്ന് കുളിക്കും ഇന്ന് കുളിക്കൂല 😆🤝,1
Koree putti anng varee ette eth annho nintePlastic surgery ....,1
ചില ശബ്ദങ്ങൾ പുറത്ത് കേൾക്കുമോ എന്നുള്ള tension 😂,0
Aa samayath current kude ponam pinne kazhukkan polum nikulla😵‍💫,0
Adhyam onnu kulikaarn,0
പേടിച്ചു തൂറൽ തുടരും,1
ഇതാണ് boys പരസ്പരം പറയുന്നത് “ഒരുമാതിരി പെണ്ണുങ്ങളുടെ സ്വഭാവം കാണിക്കരുതെന്ന് “,1
Ni onn poyee monne ..begd pryalla 🤡😂,1
ആ ചിത്രം വരക്കുന്ന ചെക്കൻ കാണണ്ട😹,0
അലിബിന്റെ അണ്ടി തൊട്ട് ആണ് എന്റെ feedil വന്നു തുടങ്ങിയത് 🤣,1
റമളാനിൽ കള്ള് കുടിക്കുന്നവരും നന്നാവും😢,0
ഇതൊന്നും കുഴപല്ല But perform അടികരുത് അത് ഹറാമാണ്,1
Uff aa style nokikke…enna style aa😍😍,0
ആദ്യായിട്ടാ pookies റീൽ ഇത്രേം repeat അടിച് കാണുന്നെ...!!,0
Nki nanam vernn 😭😁,0
"Ithu fake aaanu 😏, njn maathre kalyanathinu poyitollu 🙂",0
ഞാൻ കണ്ടാർന്നു പക്ഷെ തിരക്കിലായൊണ്ട് മിണ്ടാൻ പറ്റില്ല 🙂,0
ഇതൊക്ക ആരെ കാണിക്കാൻ ആണോ ആവോ....,0
ഉള്ള കാര്യം പറയാമല്ലോ കൊള്ളത്തെ ഇല്ല....,1
അതിന്റെ ഒരു അഹങ്കാരം ഓൾക് ഇല്ല 😂,0
അതേ അതെ ഞാൻ വല്ലാണ്ട് ഓർക്കുന്നു 😌🤌🏻,0
ഈ അവസ്ഥ അനുഭവിക്കണം ജീവിതകാലം full ആ വേദന ഉണ്ടായിരിക്കും 🙂🤌🏻,0
Athra valiya bandhangalilek pono sivankutty😂,0
അതിനുമാത്രം പാപം ഒന്നും ദുൽഖർ ചെയ്തിട്ടില്ല,0
എവിടെ ഇന്നിട്ട് റാണിനെ കണ്ടില്ലലോ😢,0
Nitt epo sherikm vekkndii vann😹happy ayi😌👍🏻,0
🙌😂seriously but ചതുരത്തിൽ ഉള്ള കണ്ണടക്ക് പോയിട്ട് വട്ടത്തിൽ കിട്ടി sad ആയിപോയി 🥲,0
വല്യ തമാശയായി പോയി,1
thenne ennal avde irnn kinicho😂🙌,0
പുതിയതായി വരാൻ പോകുന്ന ഭാഷയാ അത് പഠിച്ചു വെച്ചോ 😂,0
കാക്ക എത്ര കളിച്ചാലും കൊക്ക് ആവില്ലല്ലോ അങ്ങനെ കരുതാം 😌😌😌,0
🤣🤣🤣പട്ടിക് മക്കപ് ഇട്ടു കൊടുത്ത പോലെ ഉണ്ട്,1
2 second nagavalli vannu poyonnu oru samshayam,0
16 വയസ് മുതൽ കഷ്ടപ്പെട്ട് തുടങ്ങിയ ഈ മൊതലിനെ ആണ് ആളുകൾ കളിയാക്കുന്നത്.. അക്ഷരം തെറ്റാതെ വിളിക്കാം സിങ്കപെണ്ണേ…,0
ഒരു സാർ മാന്യനാണ് ഗെയിം കളിച്ചു നിലയിൽ എത്തി പറഞ്ഞില്ലാലോ😎🫶🏻,0
നട്ടപ്പാതിരാക്ക് വെറുതേ മോട്ടിവേഷൻ തരല്ലെ😌👏👏പെണ്ണേ നീ 🔥,0
വേറെ ആരേലെങ്കിലും കിട്ടുന്നതിന് മുമ്പ് സോന്തം ഇട 😂എന്നാൽ ഓക്ക് കിട്ടില്ല 😂,0
അയ്യോ ഇദിനെ ആരെങ്കിലും ഒന്ന് പിടിച്ച് കെട്ടി ഇടൂ 😂😳🤣,0
സ്വന്തമായി നാണം കെടാൻ കാണിച്ച മനസ്സ് 😂🤣,0
ഇതിന്റെ ചെറുത് കിട്ടിയ കാറിന്റെ ഡാഷ്ബോർഡിൽ വെക്കാം 😂🤌🏻,0
വിശ്വാസം ആയെ ഇല്ല 😂😂,0
ഇടി വെട്ടിയവനെ പാമ്പ്കടിച്ചു .എവിടെ വെച്ച്?ചിന്നക്കട ജംഗ്ഷനിൽ വെച്ച് 😂,0
🤦🏻‍♀️deivame!!! Malayalathinodu ivanmaarkk valla virodhavum undo?,0
ആസിലേക്ക് തന്നെ ആണ് അടിച്ചു കേറ്റുന്നത് 😂🥰🙏,1
തക്കുടു കുന്തവുമായി പുറകെ ഓടിയത് വെറുതെ ആയല്ലോ 😂😂,0
ഇന്നത്തെ വാണം ഇവളെ ഓർത്തു 💦💦💦,1
കിസ്സ് അടിപൊളി നല്ലൊരു കളി കളിക്കൂ ജോണി ചേട്ടാ 🔥,1
ഈ മയിരന്റെ കുണ്ണ എപ്പോഴും കമ്പി ആണോ 😆,1
പെണ്ണെ ചാർത്തി ഉണ്ടെങ്കിൽ ഇപ്പോൾ തന്നെ dr കാണിച്ചോ ട്ടോ 😂,0
thandhayillaayma parayalle kunje 🥰❤️,1
ആൽബിന്റെ അണ്ടി പണി തന്നു😂😂😂,1
മായാവി ഐലൻഡ് അല്ല Maya Bay Island😂,0
mayabay ennenna parnne 😂 kekkumbho mayavi nn thonunne aan,0
ഈ പറയുന്ന കാര്യങ്ങളും താഴെ കൂടെ പോകുന്ന കപ്പലണ്ടിയും തമ്മിലുള്ള ബന്ധം കൂടി വ്യക്തമാക്കേണ്ടതുണ്ട് 😂,1
ഇവൻ തേച്ചാൽ പിന്നെ ഇവളുടെ ഭാവി സ്വാആഹാആ 😂,1
നിന്റെ പറി mayree,1
Ivar jeevikaan ivarde jeevitham kand ivde kore per kuttam paraymm😂🙌,0
Ninte veetul oru achanum ammayum onnum ille kuttii,0
"ഈ കുട്ടീടെ വീട്ടുകാർക്ക് അവാർഡ് കൊടുക്കണം,,",0
Ith okke etha universe lkg fundkkal 😂😂,1
2 mry kalum veruppikkuva,1
 ingale naatile lkg fundkkal ithe pole ottakk passport um edth ottakk world trip adikkal aano pani😍,0
nte ponnu penne onn nirth instagaraamil idalle reel 🙏,1
Avala umbiya chiri 🙈,1
Athrakk onnm ella mwolee😂 product adipolii aahn but long lasting onnm ella,0
അയിന് നമ്മൾ എന്താ ആകണ്ടേ 😂😂,0
Eni aarum avocado vaanganda ith vangiya mathi😂,0
ഇത് വലിച്ചാൽ ഇംഗ്ലീഷ് പറയാൻ പറ്റും വെറുതെ സ്കൂളിൽ പോയി😂,0
ഒന്ന് മുഖം കാണിച്ചാൽ നൂറു തവണ പറയുന്ന ഈ കാലത്ത് എന്തിന് ഈ കാര്യം മറച്ചു വെച്ചു,0
ഇതൊക്കെ ഞങ്ങളോട് പറയുന്നത് എന്തിനാടാ ഉവ്വേ,0
എന്തോ ഒരു വലിയ മൈര് ആണെന്നുള്ള ഒരു തെറ്റിദ്ധാരണ ഉണ്ട്,1
60k ഉണ്ടേൽ ഞാൻ ഒരു പഞ്ചായത്തിലെ ആൾക്കാരെ മുഴുവൻ കൊണ്ടുപോകുമായിരുന്നു,0
ആ ഹോട്ടലിലെ പൂളിൽ ഞാൻ മുള്ളിയായിരുന്നു 😐🙏🏼 ക്ഷമിക്കണം,0
നിന്നെ മതമയുടെ എടുത്തു നിൽക്കാൻ പോലും പറ്റില്ല,1
നീ ഒക്കെ മിയ ഖലീഫക്ക് തന്ന അപമാനം 🤭😄🎃❤️,1
Ninne nokki nadakkuvahh ayirunu block akkan 🤣🤣🤣,1
ഞാൻ പോയി പുസ്തകത്തിൽ വെച്ച മെയിൽ പീലി പ്രസവിച്ചിനോ നോക്കട്ട് 😌,0
ഈ പെണ്ണിന്റെ സൗണ്ട് ചെവി അടിച്ചു പോകും 🤷‍♀️,0
എന്തൊരു വെറുപ്പീരാടി നീ ബിഗ് ബോസിൽ😠🤨,1
ഓളെ കളിക്കണ്ടാ തോന്നും വേറാരും Bangalore പോയിറ്റില്ല ന്ന്... 🤌🏻 🤢,1
Kadha venda 🙅🏼.. ini athum koodi sahikkaan vayya 😂,0
മുട്ടയിൽ നിന്ന് വിരിഞ്ഞില്ല അതിന് മുൻപ് എന്താ ഇടിനൊക്കെ paraya,0
Urakka gulikka kazhichude,0
"എനിക്കും ഉണ്ട് കുടുക്ക...രാവിലെ പൈസ ഇട്ടു വെക്കും,പിറ്റേന്ന് ഞാൻ തന്നെ കുത്തി എടുക്കും😂",0
ഞ്ഞൻ വല്ല പട്ടി കാട്ടം ആണെന്ന് കരുതി 🤣🤣,0
Eni avihitham ela.chekkan eni vere ale nokikolum.epazhan sechide swapavam correct manasilayath😂,1
Schoolil poyi nthengilum padikan nokadi,1
തേപ്പിന്റെ വാക്കുകൾ വന്നു തുടങ്ങി 😁😁😁,0
പർച്ചേസ് ചെയ്താൽ അമ്മ വഴക്കു പറയും 😭😭😭,0
19 വയസ്സുകാരിയും 20കാരനും കൂടിയുള്ള ട്രിപ്പ്! ഇവൻറെ കൂടെ ഇങ്ങനെ നാട് ചുറ്റാൻ പറഞ്ഞയക്കുന്ന ഉമ്മയെ സമ്മതിക്കണം!!,1
മൈരാണ് 😂😂 ഇത്രേം ഊമ്പിയ റൂം വേറെ കാണാൻ പറ്റില്ല എന്നതാണ് സത്യം ....😂,1
ചേച്ചി തന്ത ഇല്ലായിമ പറഞ്ഞു നടക്കുന്നവരുടെ കമന്റ്‌ നോക്കേണ്ട 😍,1
Ninakk urappundo girl safe Aaa enn promotion cheyubbo ellam kanddarajj cheyyanam 🙂🙌🏻,0
കമന്റ്‌ സെക്ഷൻ തുറന്നപ്പഴാണ് ആശ്വാസം ആയതു.. ഭാഗ്യം അടുത്തൊന്നും കേരളം രക്ഷപെടൂല്ല 😂😂😂,0
വന്ന് വന്ന് ഇൻസ്റ്റയും ഫേസ്ബുക് അമ്മാവന്മാർ നിരങ്ങാൻ തുടങ്ങി 🤭🤭,0
നിങ്ങൾക്ക് എന്തിനാ ഇത്ര സേഫ് വല്ല ഓയോ ബുക്ക് ചെയ്താ പോരെ,1
കളിക്കാൻ പോയി അത് മതി.. 😂,1
Malayalizz nte talent kananmengil ee comment box nokkiyaamthiii…,0
Nalla chandi pollaindd😂,1
Ithilum nallath idandayirunnuuuu😂😂😂,1
നീ endhelum മൈര് ഇടൂ പൂറി,1
nala oru face ayirunu last ഉള്ള ലുക്കും പോയികിട്ടി.😂,1
Kidann karayunnavarkk onnm andi illye?,1
അവസാനം വവ്വാൽ ഊമ്പിയ andi പോലെ ആക്കരുത്,1
Thodakam kaanichathu abinayam aanengil oscar theranam😂😂😂,0
Kali rate parayoo ??,1
സൂക്ഷിച്ചുപോക്കോ അവിടെ പിള്ളേരെപിടുത്തക്കാരുണ്ട്,0
എട്ടും പൊട്ടും അറിയാത്ത തീട്ടങ്ങൾ പോയാൽ ഇങ്ങനെ ഇരിക്കും 😂😂,0
അവന വല്ല പണിക്കും വിടു കുണ്ടൻ ആയി പോവും അവൻ,1
റീൽസ് കണ്ട ട്രയിൻ മാണെങ്കിൽ റീലിസ് കണ്ട ട്രയിനിൽ തന്നെ കേറണം ​ AC എട്ത്താ ആ വൈബ് കിട്ടൂല 😂😂🔥,0
പെണ്ണിന്റെ വരുമാനത്തിൽ.. അടിച്ചുപൊളി 😀😀,1
ഈ കഞ്ചാവാണോ ലവക്കടെ.. ഓൻ 😼,1
Asooya onnum illa rechaarge cheytha nett avan thanne full use cheytha mathi,1
ട്രെയിൻ യാത്രക്കാരുടെ വിശപ്പ് അകറ്റാൻ പറ്റിയ ഒറ്റ സാധനം ഉള്ളൂ വടയപ്പ 😂,0
അവിടെ എന്തിനാ അങ്ങനെ കൈ വെച്ചിട്ടുള്ളത്,0
Report adichitum povunillaoo vallatha shalyam tahnne,1
Social medianu kitya paisa kond medicha dress.athin mune nadanaa kolam cheyn paranjapo avl ariyulanuu😂😂eneet podeyy,1
ninne madutthu thonnunu ath kondaayirikkaaam avale adth poyi irikknne,1
ആ വഴി പോയ ഒരു ചേട്ടൻ : ഇനി പാടത്തു കോലം ഒന്നും വെക്കേണ്ട 😂,0
വെക്കട കുണ്ണകളെ ഇതിന് മുകളിൽ വെക്കില്ല ഒരുത്തനും 🔥,1
അവന്റെ അച്ഛനെ കളി പഠിപ്പിച്ചവന്റെ അടുത്ത് ആണ് മോൻ കളിക്കാൻ വരുന്നത് 😹🔥,0
 jeevithathil ninnum pichi cheenthy parich edthath 🤣,0
അതാണ് ഏറ്റവും വലിയ അറപ്പ്,1
ഇഷ്ടല്ലങ്കിൽ ഇറങ്ങി പൊയ്ക്കൂടേ നായ്ന്റെ മക്കൾക്ക് 😐,1
പല്ലിൽ കമ്പിയിട്ടാൽ തലക്ക് ബാധിക്കുമെന്ന് ഇപ്പോ മനസ്സിലായി 😭,0
അടുത്ത പ്രാവിശ്യം തലക്ക് കമ്പി ഇടൂ.. നന്നായി ആടുന്നുണ്ട് 🥲👍,0
Ithu kambiyilu nilkumn thonanilla changala vendi varum😢,0
മോളെ ഈ പറഞ്ഞപോലെ അല്ല നിന്റെ അമ്മ വെറും തള്ളൽ മാത്രമേ ഉള്ളു 🙌,0
നീ എന്തിനാ അവന്റെ ഷോർട്സ് ഇട്ട് നടക്കുന്നെ 😢😂,0
അതിപ്പോ tiger ബിസ്‌ക്കറ്റിൽ tiger ഇല്ലല്ലോ.. അത് പോലെ kerala story യിൽ കേരളവും ഇല്ല 😂😂,0
Ivide namuk thinnan beef illa... Appozhanu baaki ullavane theetikan.... 😂,0
Avalde lipstick enthina ninde kayile ? 😂😂😂😂,0
Angotto ingotto oru maattom illa🔥🙌,0
ആനീസ് കിച്ചൻ - ഒന്നെങ്കിൽ അടുക്കളയിൽ ഇരിക്കുക -അല്ലെങ്കിൽ ഇരിക്കുന്നിടം അടുക്കള ആകുക എന്നെ പോലെ,0
കരഞ്ഞോ പക്ഷെ അയൽപക്കത്തുള്ളവർ കേൾക്കരുത് 🥲💯,0
എന്റെ പൊന്നോ ഇതൊന്നുമല്ല ട്രെയിനിൽ ഒന്ന് പോണം ഞരമ്പൻമാരുടെ ബഹളമാ 😅,0
എനിക്ക് മനസിലാകാത്തത് കൊണ്ട് ചോദിക്കുവാ ഇതിന്റെ വീട്ടുകാർ മാത്രമാണോ ഇങ്ങനെ സംസാരിക്കുന്നേ.,1
സ്വന്തം അപ്പനെ കണ്ടു പഠിച്ചിട്ട് മോള് കളത്തിലിറങ്ങിയിരിക്കുന്നു uff😂,1
Ithu engneee melted avandu kondu pokan pattunu 🤔,0
aynh edth vekkan paisa vende🙂,0
അന്റെ സമ്പാദ്യം ഇൻസ്റ്റഗ്രാമം യൂട്യൂബും ബാൻ ആയാൽ അവിടെ നിക്കും 😂😂😂😂😂,1
Make up ഒന്നും ഇട്ടില്ലെങ്കിൽ സുന്ദരി ആവില്ലന്നറിഞ്ഞ  : എന്നാൽ ഒരു കിലോ പുട്ടി ഇട്ട് തന്നെ തന്നെ ആശ്വാസം കണ്ടെത്താം 😂😂,1
"Ninak mathram ala influencersnu ellarkum,social media nannai handle cheyana ellarkum kitununde.",1
nee endh thenghayaado parayunne😂,1
Itharaam chekkanmare okke angotm parenam..appo kazha theerum 😋,0
അങ്ങോട്ട് തുറന്നിട്ട് നടക്ക് ചേച്ചി😂😂,1
I think ninak ninte pani nokikode🤌😭,0
എന്നാ മതം മാറ്റാതെ രണ്ട് പേരും കല്ല്യാണം കഴിക്കട്ടെ അപ്പൊ നോക്കാം,1
എന്നാലും പറയുക എന്തു പ്രഹസനം ആണ് സജി?😄,1
ഇതിപ്പോ പട്ടി show എന്ന് ആരും comment ഇടേണ്ട ആവശ്യമില്ല ഓള് തന്നെ നമുക്ക് ഒരു signal തന്നിട്ടുണ്ട്..😂🙌🔥,0
ശേ.... അപ്പോഅത് ഉള്ളതല്ലേ. വെറുതെ സന്തോഷിച്ചു..!!😌,0
Aalibinde chukkaamani veludhaayo?,1
"ഇവരെ ഒക്കെ പടച്ചോൻ മഹ്ശറ യിൽ നിർത്തി പൊരിക്കുമ്പോൾ ഈ ചാട്ടം ഒന്ന് ഇണ്ടാവൂല അവിടെ എന്ത്‌ അലിബി 😂
വിവേകം നഷ്ടം പെട്ട ജീവിതങ്ങൾ",1
Nna in onnum pani nadakkula,0
പുറകിൽ നിൽക്കുന്നവന്റെ കൈ മുമ്പിൽ നികുന്നവന്റെ തോളിൽ അത്‌ must ആണ് ✊😂,0
Ini njn oru surprise tharatte...Avan enik vendi ana neeyum ayitt break up ayath..egane ind..egane ind 😂,0
"കയ്യ് പൊക്കാതെ കഷം കണ്ടുപിടിച്ചോ, ബുദ്ധിമുട്ടിക്കാണും 😂",0
i wanna tag my ammayi but tharavad bhaagam vekkaan povaan so ath kazhinj i will,0
"Ente ponnu Afreen, sathyam paranjal, ningal aanu ee Aunty maare trai0n cheythu vidennu ennu oru doubt undu. 😂",0
അത് വിട് അമ്മച്ചിയുടെ വീട്ടിൽ gas കുറ്റി ഇരുപോണ്ട...😂,0
ആ തിരിച്ചു പോണ പോക്കിൽ കാല് ആ ഫ്രിഡ്ജ്മേ ഇടിക്കണം 😂😬🙆‍♀️🥹,0
Arelum virthiketta comment ittal enik idikkendi varum 👊🏻😂,0
"നീ എന്റെ മാത്രമാ, നിന്റെ സ്നേഹം എനിക്ക് മാത്രം മതി...നിന്റെ ഇൻസ്റ്റാ, fb, പാസ്സ്‌വേർഡ്‌ പറഞ്ഞെ.... 🥴🥴🥴",1
"നിനക്ക് എന്നെ വിശ്വാസം ഇല്ലല്ലേ , ഇതാണ് main dialogue",0
സ്ത്രീകൾ ചെയ്യേണ്ട ജോലി മൊത്തം ചെയ്യാത്തോണ്ട് എൻ്റെ സ്ത്രീത്വം എനിക്ക് നഷ്ടപ്പെട്ട് തുടങ്ങി...എനിക്ക് മീശ വന്നു😭,0
"purushante oppam nadakan ala, purushante pinnil nadakan an enik ishtam!😌🤌 Athaan athinte oru ith!😌",0
"വീട്ടിലെ ജോലികൾ സ്ത്രീകൾ ചെയ്യുമ്പഴാണ് അതിന്റെ ഒരു ഭംഗി, അതോണ്ട് ഞാൻ സ്ത്രീകളെ ആണ് ജോലിക്ക് വച്ചിരിക്കുന്നത്. 😎",0
nnies kitchen എന്ന പേര് മാറ്റി ആനീസ് യൂണിവേഴ്സിറ്റി ഓഫ് കുലസ്ത്രീ and ടെക്നോളജി എന്നാക്കിയ കുറച്ചൂടെ നല്ലതായിരുന്നു 😌,0
"ആവശ്യങ്ങൾ അല്ല, അവകാശങ്ങൾ ആണ് 🙌 🚩🚩🚩🚩",0
Vivaramillaayma oru alankaaram aahn hey🤧,0
Second half vamban twist olippich vachaan puthiya release 😃,0
ഫെമിനിസം എന്ന് പറഞ്ഞാൽ ചിലരുടെ ധാരണ പുരുഷന്റെ മെക്കിട്ട് കേറൽ എന്നാണ്😂,0
lokha vivaram ulla mottayil viriyatha koch,1
വയലിന്റെ കൂടെ മനോഹരമായി സപ്പോർട്ട് ചെയ്ത ആ ചെണ്ടാക്കാരെ കൂടി ഒന്ന് കാണിക്കാമായിരുന്നു.. 😊,0
ലെ അവൻ... ഇതിലും നല്ലത് കമ്പ്ലൈന്റ് ചെയ്യുകയായിരുന്നു 😍😂,0
maap parayanh kaanicha avante manas aarum kannathe pookerth 😂,0
Alloh nthoka kananm le.. Ivanoke alle valarnn pandhalikkaan poknne nn alojikumpzha🥺,0
18 വയസ്സ് കഴിഞ്ഞ ആൺ ആയാലും പെണ്ണ് ആയാലും വീട്ടിൽ പിടിച്ചു നിർത്തേണ്ട ആവശ്യം ഇല്ല പ്രായപൂർത്തി ആയി ഇഷ്ട്ടം ഉള്ളത് ചെയ്യാം,0
അങ്ങേര് നല്ലൊരു മനുഷ്യൻ എന്നതിനപ്പുറം ഒരുച്ഛനും കൂടിയാണ് ആ ചേട്ടൻ ❤️💯,0
അഫ്രിനെ കണ്ട് പടിക്ക് എത്ര നാളായി അവൾ കുളിക്കാതെ നടക്കുന്നു 🤌🤣😭💯,0
Sambar le puzhu protein source aanennu paranja ente warden ne orkunnu 😌,0
100 രൂപ മേടിച്ചാൽ 500 രൂപക്ക് ഒള്ളത് ചേച്ചി അഭിനയ്ക്കും പ്രൊമോഷൻ ആയാലും സിനിമ ആയാലും 😂✅,1
"Parayunne konde onnum vichayeerakale, kurachu athikam expression avisham illande kori eriyunno ennu ore thonnal.🫣",1
ഈ വാണം എന്തിനാ ഇത്ര എക്സ്പ്രഷൻ ഇടുന്നത് 😂,1
Kelavi Enthin expression ittu marikunne 😂😂😂,1
Epstein filess il illaa ee chanakathine ano flex cheyan pone 🥰🔥😂😂,1
"കൊച്ചിന് ആളെ മനസ്സിലായിട്ടില്ല, അറിയാമെങ്കിൽ ഇറങ്ങി ഓടിയേനെ 😂😂",0
പൂചാണ്ടി എന്നും എനിക്ക് ഒരു സുൽഫികർ ആയിരുന്നു... 😂,1
Enth avaratham anne,1
Uff kundi vannu beendum,1
Ivale vechi adikanm😍😍,1
ചതിച്ചല്ലോ എന്റെ ഓറാൻ കുട്ടൻ മുത്തപ്പാ 😭😭,0
എന്തിനോ എന്തിനൊക്കെയോ വേണ്ടി കരയുന്ന കുറച്ച് കമാൻഡ്ഒളികൾ 😂,0
Daa thazhe erakkada😭😢,0
ചതിച്ചല്ലോടാ നീ ഓക്കേ കൂടി 😢,0
ഞാൻ കരുതി ഇവിളുട തന്ത കേറി വരുമൊന്നു 🤣🤣,0
Innum vaanam poyi,1
കുളിച്ചിട്ട് തോർത്തു ഉടുത്ത ഡാൻസ് കളിക്കുന്നത് പോലെ und😁,1
nannayi vayar chaadi,1
profile picture il slim beauty aanallo😂,1
Vayar chaadi mole,1
Aa thuni kurachum koodi irngirungil kurach koodi reah undayene kashttam,1
eee naattukaarkk kaanumbo nagnatha aayitt thonnanindel scroll cheyth pokkoode nthinaan avarde parents nte nenjathott keranath,0
Ee type dressnu vayar illathatha bangi.. Ithokke nokkande? 🙂,1
Enik maathrm aano isthapedathe pooyath,0
എന്റെ പൊന്നു മോളെ പാടല്ലേ 🙏,1
nthelam cheyythithm oru mena illelo,1
വായ കൊണ്ട് ഗോഷ്ട്ടി കാണിച്ചു കാണിച്ചു ഒരു കോടല് ആയിട്ടുണ്ട് കിറി.. ഒരു വശത്തേക്ക്,1
ആ ഇടുന്ന expression ന്റെ പകുതിയെങ്കിലും ആ പാട്ടിലുണ്ടായെങ്കിൽ 🔥 ആവശ്യമില്ലാതെ കൊച്ചിന് പ്രൊഹാസാനം കൊടുക്കരുതേ 😞,1
Enthina kunje engane karayunnathu 😢,0
Ipo penpillerlla enthina ee saree vakanj vechit vayarum thalli pidich nikkunathm dance kalikunathm,1
"ചേട്ടാ നിങ്ങള് കുറേ വർഷങ്ങളായിട്ട് പ്രായമാകാൻ മറന്നുപോയി. അസൂയ കൊണ്ടൊന്നുമല്ല, ഒന്നോർമിപ്പിച്ചതാ",0
എന്തോ വയ്യാഴിക ഉണ്ട്..!! കൊച്ചിന് 😢😢😢😢,1
achanod paranjitt oru dupine vech paadayirunnile mwole,1
Aarum illey kochine oru glass vellam kodukkan.Athine nenjuvedhana edukkunnenne thonnunne pavam 😂,0
ആ കൊട്ടുവാ ഇട്ട വരികൾ എനിക്ക് ഒരുപാട് ഇഷ്ടായി..,0
പാവം അതിന് വല്ലാത്ത സങ്കടം ഉണ്ട് ട്ടോ.... വയ്യ തോന്നുന്നു 😔,1
Ithilm nallath mindatheirikkunath alle,1
Ivalkku thuran muttuno,1
Kashttm nirthi podi,1
മോള് കഞ്ഞി കുടിച്ചില്ല എന്ന് പറഞ്ഞ കരയാണോ 😢,1
Appurathe veetile Mamen marichappo maami eganeya Karanjath 😢eth kettappo enik Aa mamiye orma vannu,0
Look koodi undayirunu engil ulla avastha,1
മോളുടെ ഭംഗി onnu വേറെ.... ഇത്.... കോപ്രായങ്ങൾ കാണിക്കുന്നു,1
Ichire kanji edukkatte😢,0
നീ കൊള്ളാല്ലോടി തിപ്പെട്ടിക്കോളി 😁❤️🥰,1
സെലിബ്രിറ്റിയുടെ മകൾ ചെയ്തത് കൊണ്ട് നന്നായി…..നമ്മളൊക്കെ ആയിരുന്നെങ്കിൽ കോളനി ആയേനെ🤮🤮,1
എന്താ ഉദ്ദേശിച്ചതും കൂടെ പറ,0
പറ്റുന്ന പണിക്ക് പോയാൽ പോരെ 🙊,1
Daivam swondaryathil anugrahichin enthello kolam kethinned annina,1
ആ ഇപ്പോൾതന്നെ practice തുടങ്ങിയത് നന്നായി എന്തെങ്കിലും skill കയ്യിൽ ഉള്ളത് നല്ലതാ..,0
അവൾക്ക് മലയാളം അറിയില്ല,1
"എന്റെ പൊന്നു ഇന്ദ്രജിത്ത് ചേട്ട,മനുഷ്യനു സമാധാനം താ",1
Iyyal enthonnu pamp aanno avnte oru naakk,0
ചിലറ കെഴപ്പ് ഒന്നും അല്ല മുത്തുമൈരന്ന്,1
ഇങ്ങനെ ഒരു പൂറൻ,1
"Nayente jenmathinu porathek varathonda pavam
Btw ee chettan matram alla comment box sredicha agane kore enam ind manasilayi",0
ഇക്കിളി ആക്കി നോക്കി എന്നിട്ടും ചിരിവരുന്നില്ല 😶,0
ബാക്കിൽ എന്ത് ജീവിയാണ്..?,1
kannh thatte irikkanh aano backil ulla vettavaliyan😂😂,1
Etha eyy kunna,1
ഫിസിക്കലി abused നിന്നെയോ 😂ആരാടാ അവൻ 😂,1
ഇങ്ങനെ ചിലപ്പോൾ നിൻ്റെ തന്ത ആയിരിക്കും പറയുക.... ഞങ്ങളുടെ language നേ കളിയാക്കാൻ നിൽക്കണ്ട.,1
enik Nallonam samsarikyan ariyam ivide voice option ila alengil voice ayach prove cheythene,0
Ahh specs vecha chetan matram honest expression ittu . 😂👏,0
മാമി അല്ല വെല്ലിമ്മ 😂😂,1
ഉടനെ ഒരു voice msg വരും ഷോർട്ട് ഫിലിം അഭിനയിക്കാൻ താല്പര്യം ഉണ്ടോന്ന് ചോയിച്ചു 🏃😹,0
മിക്കവാറും ഇവരുടെ vibe set ആയിട്ട് അവൾ ഇവരുടെ കൂടെ കൂടാൻ കേരളത്തിലേക്ക് flight കേറും 😂😂,0
Peru ketta shesham ithinoke njan enthu parayanaa😂😂,0
ആ പല്ലിന്റെ വിടവിൽ കാറ്റ് പോയോണ്ട.അല്ലേൽ കറക്റ്റ് പറഞ്ഞേനെ 😂,0
Athinte battery arengilum uri vekk 🙂,0
ആക്ഷൻ കണ്ടിട്ട് പൊറിഞ്ചു അല്ല തങ്കൻ ആണെന്ന് തോന്നുന്നു 😂😂,0
Avn kudumbom kuttiyoloke ayille daa🫠🤌🏻,0
Aa amme orikalum vishamipikaruth🥺❤️,0
nannayittund myre🔥,1
nthokke avathrangal aanh ntho!?🤷🏻‍♂️🥲,1
1 മാസത്തേക്ക് ഉള്ള eyeliner ഒരു ദിവസം കൊണ്ട് തീർത്ത് അവരാതി 🥲,1
Enth myr oke kannanam oru divasam kaziyan 😢👏,1
athinte battery arengilum uri vekk 🙂,0
ath angtt puzhungi angtt edtho😂,0
ഇതിന്റെ അപ്പുറം കാണിച്ചിട്ട നമ്മളു ഇവിടെ വരെ എത്തിയെ അതോണ്ട് മോൻ എണീച്ചു കുണ്ടിലെ മണ്ണും തട്ടി പൊ 💀🔥,0
athyam mind aakand irunna 5 mint kazhinj nirthikkolum😂thanne eneet porum 😂😂,0
കുറച്ചേലും ബുദ്ധി ഉണ്ടേൽ മന്ദബുദ്ധി എന്നെങ്കിലും വിളിക്കാമായിരുന്നു 😂😂😂,0
Ellavarum ore swarathil chodikunnu ith endh thenga😂😮,0
അമൃതപ്പൊടി തിന്നു കിക്ക് ആയതാ😂🔥,0
kazhinja jenmathil chundeli aayirunnu ee chechi😂😂,0
Ithinte sugam vereyaan🥰,0
Kanatha divasam ella😂😂😂,0
ഒന്നും ചെയ്യല്ലേ വാസ്സു അണ്ണാ.. 🚶,0
സിൽപ് ആയതാടോ 🤭🤣😂,0
"ഇനി ഒന്നും ചെയ്യാനില്ല, സാധനങ്ങളൊക്കെ നുള്ളി പ്പിറക്കി നാട് വിടുക എന്നിട്ട് പുതിയ ഒരു ജീവിതം തുടങ്ങുക 🚶",0
നാട് വിടുകയാണെങ്കിൽ ഈ ഭാഗത്തേക്ക് വരണ്ട ഇവിടെ എല്ലാരും കണ്ടു ഇത് 😂,0
അവസാനം തെറ്റിപ്പോയി എന്ന് പറയുന്ന കേട്ടാൽ തോന്നും ബാക്കി മൊത്തം പാടിയത് കറക്ടാ എന്ന് 🫩,1
Sathym parayalo evadakkayoo rassand paadiyathu🙂🤌🏻,0
ഹീറോന്റെ അനിയത്തി അല്ലെ 😂😂,0
Oo nichuuu cute itt mezhukanen😂,1
ഇടക്ക് കുലുങ്ങുമ്പോൾ ചെവിയിലേക്ക് ഒരു സാനം കേറും 🫨🫠😂,0
"ഞാൻ ലേറ്റ് ആയി, പണിക്കരു പറഞ്ഞു വിട്ട എല്ലാവന്മാരും നേരത്തെ എത്തി. പണിക്കരെ ഞാൻ തട്ടും.😂",0
kochinte nottam 😭😂,0
pottan aavaam but ingne pottatharam vilich velambaanum oru guts venam .full power nte aavum🤣,0
വിദേശത്തെ അണ്ട്.....അല്ലെഗിൽ വേണ്ട dialogue പഴഗി 😂,1
Avannn pennine nokkan ulla kazhivundadaa😌 karanjitt karyam illaaa,0
" joli nallath illatha chekanmar, allathe ullathinu addi annu",0
chelolth sheriyavum chellolth sheriavula 😁,0
nirthi poda…,1
maap parayanh kaanicha avante manas aarum kannathe pookerth 😂,0
malayalathil parayeda malayali,1
കുണ്ടറ വാണത്തെ തിരിച്ചറിഞ്ഞ മുത്താണ്,0
sorry njn malayalam channel aanu enn karuthi vazhithetti keriyathaane🙏🏻 ith american company trans aanenh karuthiyilla sho ,1
serious aayitt cheyythath aanelm nalla cmdy aayit und..,0
mazhavil boss 🌈✅,1
തോൽവി ആയിരുന്നു ഇത്തവണ 👍🏻,1
പഞ്ചവർണ കോമാളി സ്വയമേ video edit ചെയ്തു അത് പോസ്റ്റും ഇടുന്നോ 🤣🤣,1
സ്വന്തം തന്ത വന്നാൽ ഇത്ര സന്തോഷം ഇണ്ടാവും തോന്നുന്നില്ല 😂,0
😂😂 pundachi mwon bigbossinh veendum ook vaangikkan vannenkunnu🤣🤣,1
ഊക്ക് ഇരന്നു വാങ്ങാൻ വന്ന പരമ സിദ്ധൻ,1
Bigboss polum ookithanu manasilavathe collab cheythirikunh mandann🤣🤣,1
inni kundanh maarude kalikkal aanh🤣🤣,1
Nthada kunda ipppo malabaril!!😂😂,1
Lokam kadarhil vach ettavum valiya vaanam🌈🌈🌈,1
Njngal vilikkenm enn karuthiyatha,0
Nthinada myre nee okke ente feed Ill varune,1
poyi kuninj ninn kodukk oole ishtaayenki,1
mm ninte chaattam engittanenn manassilakunnund🙂,0
Sherikum aaninte face pole aayi,1
nthapadachoone kandtt pediyavin 🥲,0
Ith ntha rajasthani pandilorry pole😂😂,1
makeupum dressingum koodum thoorum purushan aanh ennh eduthu kaanikunnu,1
onninum illya kandittpoykkolam😢🙏,0
pennh aanenkil aanungel poovitt poojikunath kaanamayirunnu,0
വയറ്റിൽ എന്താ തണ്ണിമത്തൻ ഒ 🤣,0
തൊരു പെട്ടെന്ന് വെട്ടി വിഴുങ്ങുന്നത്,1
എന്ത് ജന്മമാണ് എന്റെ ഈശ്വരാ ഇവനെ കൊണ്ട് ഇങ്ങനെ പറ്റത്തുള്ളൂ,1
ഈ ചെക്കൻ ചന്തി കഴുക്കണ കൈ കൊണ്ടാണ് കഴിക്കുന്നത്,1
മാപ്ലയും മാപ്ലയും എന്തെല്ലാ കളിക്ക്ന്ന്😂,0
nnit pennevde🙄🧐,0
ഒത്തില്ല ഒക്കില്ല അതൊക്കെ ആ ചേട്ടൻ കൊണ്ട് പോയി 🔥🔥🔥,0
ivdthe kuttikal veternary padich irangiiyal ulla avastha,0
തേയില പറിക്കാൻ ഇടാൻ പറ്റിയ ഡ്രസ്സ്‌ 🐱,0
evar thammil etho oru gap feel cheyunu.,0
Ullath parayalo munp nth sundari ayirunnu oronn vari thechu thechu aa look angu poyi 😒,1
എന്ത് മാത്രം പെയിന്റ് ആണ് അടിക്കുന്നത്,1
Ith ipo enthaaa Ingane. Kanditenthopole maduppaaann,1
oru 50 vayass kazhinja auntye pole und face ippozh kaananh…,1
Face kondu enthina Ingane goshti kaanikkunne .....,1
ആ മാലയിൽ വീണ് പോയി ഞാൻ.. 😌,0
നന്നായി മോളെ 🥰🙌🙏ആൾ ദി ബെസ്റ്റ്.. പണ്ട് ബിറ്റ് വെച്ചിട്ടും ഞാൻ പ്രീ ഡിഗ്രി തോറ്റത് ഓർത്തു പോയി 🥲,0
"ദേവിയെ 22 വയസൊക്കെ തള്ള ആണെങ്കിൽ, 27 വയസുള്ള ഞാൻ അപ്പുപ്പൻ ആകുമല്ലോ 😳🥹",0
Chandhana mazhel amritha thanne😂,0
പാമ്പ് : ഇവളെ കൊണ്ട് എൻ്റെ ഉള്ള വില കുടി പോയാലോ,0
Adutha pravishem ammamakku oru jersey medichu kodukko? 🤍🙌,0
ഇത്രക്ക് വെളിവ് ഉള്ള കുട്ടി ആ പഞ്ചായത്തിൽ പോലും കാണില്ല 🤌🏻🥲,0
Video adukkunna നിഴലിനെ aarum kanathe povalle🤣,0
ഇതൊക്കെ കണ്ടിട്ട് കടുംകൈ ഒന്നും ചെയ്യരുത്,0
thepp kittiya shesshm chankathi,0
നീ ആ ആന്റപ്പന്റെ ആരെങ്കിലും ആണോ 🙂,0
"ഇജ്ജ് scene ആകല്ല, ഞമ്മക്ക് പലഹാരം ഉണ്ടാക്ക 😂👍🏻",0
തല പൊക്കാൻ എന്താ മഞ്ഞ ചേരയോ 🙃,0
ettan mootha sanghi aanenh thonnunu!!! aano kunje,1
ivale kettiyathode avan theriv circusil poovan thodangi..😂😂😂,1
Theetta sangi aanelum clap fr talent👍,1
ഓഹോ അപ്പോൾ ചാണക സംഘി ആണ് അല്ലേ😂😂😂,1
കെട്ടിയോൻ നല്ലതാണേൽ വായിലെ പല്ല് ഓരോന്ന് ഓരോന്ന് പോവാൻ ചാൻസ് വളരെ കൂടുതലാണ് 😂,1
എന്ന് തുണി മാറുന്ന പോലെ ചെക്കനെ മാറ്റുന്ന പാട്ട കുട്ടി 😌,1
udanadi kalangi enn reel undakkm 💯🤣,0
ഞാൻ ഒരു ഗർഭിണി ആണ്... ഇതൊക്കെ കുറച്ചു അല്ല കുറച്ചേറെ ഓവറാണ് 😮,0
poovanh kozhi mottaidar illya😂,0
ഈ ഇൻസ്റ്റാഗ്രാമിൽ ഒരു തന്റേടം ഉള്ള ഒരു പെണ്ണിനെ കണ്ടു🙏🙏❤️❤️,0
nthina athinte pinnale nadkkne avarude jeevithm avarkk istham ullathpole jeevichu theerkatte 🙌🏻,0
അർഹിച്ച മറുപടി ആരുന്നു 👏🔥,0
xഇത്രയും ഒരുമയുള്ള കമന്റ് ബോക്സ് ഗാന്ധിജി കാണാതെ പോയല്ലോ 🤣🤣,0
Entha ipo undaye 🤣,0
njn ith ntha react cheyyathe enn karuthinikkayirunnu ippo samaadhanam aayi,0
ഇവനെ ശിഖണ്ഡി എന്ന് വിളിക്കാൻ പോലും പറ്റില്ലടോ അവർക്കും ഉണ്ട് ഒരു അധസ്സ്,1
ഈ കുണ്ടേഷിൻ്റെ ഒരു കാര്യം എത്ര കിട്ടിയാലും പഠിക്കുല 😂💜📈,0
Nink adanghi ninnal pore magale on enthangilum akkatte 😛,0
Ravile thane endhe samdhanam🤣🤣🤣🤣🤣,0
Ee baasha eggane manssilakki mole 😂😂😂enike ottum manssilavunnila😂,0
ദൈവമേ.. മൂർഖനേ ആണല്ലോ ചവിട്ടിയത് 😂..,0
verthe famous aavan nokiyatha chammi poyi chami poyi 😂,0
കുറച്ചു ഓവർ ആണ് 😂😂കിട്ടണ്ടത് കിട്ടിയപ്പോൾ സമാദാനമായി 😂😂,0
"paavam aa koch, athinte video ellam njn kaanum..kettal arakkuna comment aa palarum idunnath..ivane onnum verthe videruth 🙏",0
Ninakkum chekkanoo,1
ഇച്ചിമുള്ളി അധോലോകം സ്റ്റേഷനിൽ വന്ന് മുള്ളാതെ ഇരുന്നാൽ മതിയായിരുന്നു 😂,0
ninte aana pooril ethra aazham und?,1
ithile photo kandappo then shardikkanh verunnu ,1
kandale arayam nalla vedi aanh eenh,1
ellam koodi ninte aana pooriyil kalichath aanh,1
ninte karutha aanapooril ethra kunna keriyittund,1
നിന്റെ അമ്മേനെ പണ്ണാൻ എത്രെ ആൾ വീട്ടിൽ വന്നിട്ടുണ്ട്?,1
Thalavedhana ollavark vicks kodkapedum🙂,0
Satyam parayallo innu enikku vandi oodikkan valare pediyanu.,0
Poye poye.. Eniku mathematics marannu pokum 😂,0
Item kollam but ayakkan aale illaalloo daivameey 😹,0
Maari nikkadi nee njn ammene kanatte😌🫶,0
അപ്പൊ ഡോറ കോളേജിൽ ഒക്കെ ആയി അല്ലേ .....👏👏👏😂😂😂😂,0
എന്നോടും പറഞ്ഞായിരുന്നു but എനിക്ക് ചെക്കൻ ഇല്ല്യ... 😮‍💨😏,0
പരന്ന കുണ്ടി ആദ്യമായാണ് കാണുന്നത്😂,1
കോളത്തിൽ രണ്ട് തവളളകളെ കാണാനില്ല ഇപ്പോ ശരിക്കും kand😳,1
ഒരു ഈർക്കിളി ഒരു ബർഗർ 😂😂,1
Paisak vendi nthum cheyyum manasilaaaayi alle liken vendi ullup kurach aaah ummanagilum ingal 🤌,0
chanthi theere illya😂😂,1
എന്തുവാടാ ഇതിൽ ഒന്നും ഇല്ലാലോ😂,0
ചേട്ടാ ഈ ചെറുപഴം എന്താ വില😅,0
കുരങ്ങാ അത് പൊട്ടിക്കല്ല പെണ്ണുകെട്ടാത്ത ചെക്കനാണ്😂,0
ഉയരങ്ങളിൽ എത്തട്ടെ.. എന്നിട്ട് അവിടെന്ന് വീണ് ചാവട്ടെ 🥳🥳🥳,1
njn karagiya mathiiyo😂👨‍🦯,0
കുട്ടിക്ക് കറങ്ങണം എന്ന് ഉണ്ട് പക്ഷെ ടീച്ചർ 😂🔥,0
Le miss: എന്റെ പിള്ളേരെ തൊട്ടു കളിക്കുന്നോടാ പന്നി 😆😂😂,0
ട്രോള്ളുന്നവർക്കൊക്കെ തിരിച്ചുകൊടുകാണാലോ 😂❤️👏,0
പണ്ടൊക്കെ അരഞ്ഞാണം അകത്തായിരുന്നു..... 😂,0
Black sunglasses koode indaayirunnel kurachum koode poli aayene 🔥👍,0
ഇത് കാക്കയുടെ കാഷ്ടം ഒന്നുമല്ല അപ്പുറത്തെ വീട്ടിലെ ചേച്ചിയെ നോക്കി ആശി വാണം വിടുന്നതാണ്😂,1
നീ കാണിക്കട മുത്തേ show കഷ്ടപ്പെട്ട് ഉണ്ടാക്കിയെ അല്ലെ🤌🔥😹,0
ഞാൻ തരുന്ന കാശിനെ അല്ലെ നീ ഈ മസിൽ പെരുപ്പിക്കുന്നെ 😒😂ശരിയാക്കിത്തരാം 🏃😂❤️,0
നല്ല bond അങ്ങനെ daily മിണ്ടാണ്ടെ ആവശ്യം ഇല്ല ഇതൊകെ ധാരാളം 💯🤝😹,0
Ithokke aara padach vidunna,0
ippalalle karyam pidi kittiyath mole🙊🙊,0
കുണ്ടന്റ ലീലാവിലാസം,1
ini njan chathalum mathi,0
സ്ഥിരം ആക്കിക്കോ അമ്പോ തീർ look തന്നേ 📈🔥🔥,0
ന്താടാ പുണ്ടെ പട്ടികളെ കണ്ടാട്ടില്ലേ.... 🤣😄,0
മൈര് ഞാനൊന്നും പറയുന്നില്ല 🚶,1
ഒന്നു ഷോക്ക് ആയേല്ലേടാ മനുഷ്യന്റെ മോനെ 😂💯,0
"അന്ന് autotune ഉണ്ടെന്ന് അറിയില്ലാരുന്നു, അന്ന് ഇത്‌ പാടിയ ആൾടെ സൗണ്ട് ഇങ്ങനെ തന്നെ എന്ന് വിചാരിച്ചു",0
Backill aa vanam nthannh kanikunna,1
Pakachu poi inte balyam 🙂‍↔️,0
ഇതിന്റെ കണ്ണിൽ എന്താ കോഴിക്കാട്ടോ..!!👀,0
Pazhee kuppi patta 😂😂,0
ninnkenna thalakk sughilye😂😂,0
Five paise aa kichunu kodukundavillaaa.. parachilaaa ente makkal,0
Ethinu vayye shavam,1
ഇതെന്താ ഇവളെ പേപ്പട്ടി കടിച്ചുവോ 😮🙄😳,1
Makkale randum nokkiyillelum kozhapam illa bhaviyil avarkk purath irangi nadakkanam athey avar okey avishyappedunnollu,0
Ithokkey manassilakkitt ano enn ariyillla atho manassilakkathe anonnum ariyillla chila kazhuthakal kidann chilakunn,0
pennkuttiyo muthukkithalla,1
marikkanh povuva ennu karachil kand vannatha 🙄ooro time ooronh anallo,0
രാവിലെ കരച്ചിൽ നാടകം ഉച്ചയ്ക്ക് റൊമാൻസ് 😎😎,0
uchakki karayum rathri chirikkum… vallatha asugham thenne 😢😢😢😢😢😢,0
Poyiiii chathoodee... Ooleee,1
അതൊക്കെ അവിടെ നിൽക്കട്ടെ കിച്ചുസുധി പറഞ്ഞതിനൊന്നും താങ്കൾക്ക് മറുപടി പറയാൻ ഇല്ലേ??🙄,0
onnh pooyedi nee pettupoyedi avar paranjath ellam sathym aanh,1
ith ninte abhinayamannekil ninakkoru award theranm myre…. 😂😂😂,1
Polayadimon ennaa abinayamaa 😢😢,1
നല്ല അഭിനയണം ചങ്ങായി സമ്മതിച്ചു നിന്നെ,0
പരമാവധി കിളവയുടെ പേജ് റിപ്പോർട്ട് അടിച്ചാൽ തീരുന്ന പ്രശ്നം മാത്രമേ ഉള്ളു എന്തൊരു നാശം ആണിത്,1
inni eppozha karachil video😌,0
😂😂enthum kattiyalum kelavi kelavi thanne 😂😂😂,1
nee chiricho karayum nee,1
"pennuungal aanh koodthal, comment nokkiko",0
നിങ്ങൾക് വേറെ ഒരു ജോലിയുമില്ലേ സിസ്റ്റർ അന്യ കുടുംബത്തിലെ കാര്യം നോക്കാൻ,0
komaali 🤮lady alinjose🦍,1
Nthinadi pothiye cheratta pokuo,1
Ethina pothipidikkunnathu... Athrayum erakki vettathirunnal mathiallo...ennittoru 🙄😇🤔,0
Valla thamilnactress anengil ivanmar ellam aswadikum,0
Etteche po thalle veruppikkiathe,1
makkale nokkanh pattathavarr ethra valarnnalm kastheppetalum oru vilayum illya,0
ഇവൾ ശരിക്കും വെടിയായി 😂പിലയാടി മോൾ,1
ചേച്ചി എന്തിനും ready ആണ് ഇപ്പോ കാര്യങ്ങൾ ഒക്കെ മനസ്സിലായി,0
nee nthinada ithryum thilakkunath😡😡😡,1
നിന്നോടാണോ ഇതൊക്കെ ചോതിക്കുന്നെ 😮ഇത്രയും ദാരിദ്രവാസി ആണോ അവൻ 😁,0
ഇതിലും ഭേദം വാഴയ്ക്ക് ഒരു തുള ഇടൽ അല്ലെ നല്ലത്... ക്യാഷ് പോകില്ല 😂😂😂😂😂,0
Ivale okke thaangi pidikkaan kore ennam endu.enth kandittaa avo .,0
ഈ ചെക്കന് വേറെ പണിയൊന്നും ഇല്ലേ. രേണു എപ്പോഴും ഈ ചെക്കനെ കൊഞ്ചിച്ചു കൊണ്ടിരിക്കാനോ 😏,0
Marich poyittum ah pavam chettane വിറ്റ് jeevikunna oruthi che 🤐,0
Eduthondu podaaamyrine,1
Eeh അപ്പൊ രണ്ട് കോയയോ?,0
എന്നിട് അവളെ muslim akkum🤣😂👍🏻😁,1
"ഒരു കഴിവും ഇല്ലാത്തവന്റെ പാട്ടാണേലും കേൾക്കാൻ രസണ്ട്,ഈ വീഡിയോയിക്ക് നല്ല ചേരുന്നുണ്ട്.. 😌😂🙌",0
ചിന്നൂട്ടി ഫ്രഷാ... ബാക്കി ഒക്കെ കുറേ ഓടിയതാ 😂😂,1
Ithra confidence mathrame Njan aagrahikkunnullu 😢,0
Ithokke super ennu parayunna kore vanagal,1
Nalloruu kochaarnuu... Pinne enthokkeyoo sambavichu🧘‍♀️,0
അപ്പാപ്പൻ : ഇത് വലിയ ശല്യം ആയല്ലോ 😭😄,0
kochumonte murinh powder eduthittennh thonunnu,0
ith nth saadhnm adichath😂,0
ഡാൻസ് അല്ലെ അവർ കളിക്കട്ടെടാ. അല്ലാതെ വേറെ അനാവശ്യം ഒന്നും അവർ അവിടെ കാണിക്കുന്നില്ല,0
ഒരു ദുശീലവും ഇല്ലാത്ത കുട്ടികള,0
Police stationil ethraa koduthu😂,0
Helmet vechal namle arum kanoolalo😂,0
ആരോ മോട്ടോർ ആക്കി വിട്ടതാ paavam😹,0
ntha mwole vayye😢,1
Le പോരാളി -ഇത് മൊത്തം മായം ആ കഴിക്കാൻ പാടില്ലെന്ന് 😂❤️,0
തള്ളച്ചിയായി എന്നാലും കുട്ടിക്കളി മാറിയിട്ടില്ല but still sundari 🤍😂,0
ലെ bro : കുറച്ച് protein കഴിക്കാൻ ഞാൻ എന്തൊക്കെ കാണണം 😂😂,0
prasavichu pooyi thalli kollanum pattila nthoru avastha😅,0
പെട്ടന്ന് പണ്ടിപ്പട സിനിമ ഓർത്തുപോയ്യ് 😂😂,0
karukkanh ulla tips njngalkkum paranjtha,1
Unnikuttanty adunee pidich nirth chechii😂,0
Ayyo ith minshayalle ivalde pandathe videos nanippalum kanarund ival ithra valuthayo,0
"തിരിച്ച് അടിച്ചിട്ട് അവന്മാർ പിന്നേം കരയും, അച്ഛൻ വരുമ്പോൾ കരച്ചിലിൻ്റെ സൗണ്ട് കൂടും🥲😂",0
"That avstha 🙂🤌🏻 nth venelm theram ente chakkara alleh """,0
പണ്ട് ഇത് പോലെ അച്ചപ്പം മോതിരം ആക്കി കയ്യിൽ ഇടുവാരുന്നു 😐,0
നീ ആ ഏരിയയിൽ ഉള്ളതാണെങ്കിൽ തീർന്നു കുടുംബശ്രീ അമ്മായിമാരുടെ കണ്ണിപ്പെട്ടിട്ടുണ്ട്😂,0
1 aazcha avarkk kudumbasreeyil samsarikkanh ullath aayi,0
Airpods polum venda ente paatu kelkan. Technologiaaaa😂😂😂,0
Kilavi look🤮,1
ivan puthiya thalachoor vecho!! 🧿,1
ബുദ്ധി വച്ച് വരുന്നുണ്ട് 🔥,0
dhe dialogue okke thettathe parayunnu😌🤔,0
ചെരുപ്പിന്റെ ഇടേൽ മുണ്ട് കുടുങ്ങി ചത്തേനെ. ..,0
ravile ellarum onnannh rathrikki thantha viliyum,0
"nthinh kaanichitt pinne marakki, ath avde then indello",1
Nanam ketta shavam,1
allelm ningade veruppikel kond njngalum happy alla,0
oombiya vaaya rand sidilum stitch cheyyith cheruthakk😂,1
patti appi idanh nikkuna pole und😮,1
ആദ്യമൊക്കെ ഇവളെ നല്ല ഇഷ്ട്ടമായിരുന്നു.. ഇപ്പോൾ ഇതിനെ കണ്ടാൽ ദേഷ്യം വരുന്നു.,0
ഇതൊക്കെ കേൾക്കാൻ ആരേലും ഉണ്ടോ.. ഉണ്ടെങ്കിൽ കുഴപ്പമില്ല 😌,0
tholinja thammanja,1
നാട്ടിലെത്തുമ്പോ അന്നെ വിലങ്ങിട്ട് കൊണ്ടോവാൻ എയർപോർട്ടിൽ വൻസന്നാഹത്തോടെ പോലീസ് ആണെന്ന് കേട്ടല്ലോ പുള്ളേ..🙄,0
chechi mask upayogichal nalla bhangi undavum,0
ഷംന കാസിം കണ്ടാൽ ചങ്ക് പൊട്ടി ചാകും മൈരേ,1
Ariyanjittt choyka ndha ithokee…. Sheriki vivarallyanjittaaanooooo atho illyathapole abhinayikaaanoooo😂😂😂,0
nee araadi alavalaathi,1
ചുണ്ണാമ്പു തിന്ന പല്ലി കിടന്നു പിടക്കും പോലെ😂🤣🤣,0
ഓന്തിൻ്റെ മോന്ത😂😂😂😂,1
പാടത്തു കോലം വെക്കാൻ കൊള്ളാം,1
നല്ല കൊച്ചു സുന്ദരി പെൺപിള്ളേരുണ്ട് ആന്റീ . ഈ പേക്കൂത്ത് മഹാബോറാ 🤮,1
ahankaarathinh kayyum thalayum kaalum koduthal,0
ivale ketti idan aarumille,0
Pachatheriyanu parayan thonnunath,1
allavalathi chool,1
Njan karuthi Dakini marichannu…enikku thettiii…,0
Koprayam kanikanum venm Oru confidence 😂😂,0
പാവാട തിരിച്ചു വള്ളി കെട്ടി ഇട്ടതാണെന്ന് തോനുന്നു....,0
ഉഫ്ഫ് ഇവളുടെ മൊല ചപ്പി കുടിക്കണം 🤤🥵,1
ookanh vendi aanh ellrum kannune😂,0
nee ullath kond maathrm kannunila🤑🤑,0
പട്ടാപ്പകൽ യുവതിയുടെ കൈക്ക് കയറി പിടിച്ച കാലന്റെ ദൃശ്യങ്ങൾ വൈറൽ ആകുന്നു 🤭,1
കുണ്ടൻ ആണ് എന്ന് പറയെടാ ശിഖണ്ഡി 🤣🤣,1
രണ്ടാമത് എടുത്തവന്റെ പിടുത്തവും നോട്ടവും എടുത്തതും ഒന്നും ശെരിയല്ലല്ലോ....എന്തോ ഒരു പന്തികേട് pole🙌🙌,0
"ഇങ്ങനെ വല്ലതും ഉണ്ടാക്കു,, അതാണ്‌,,,, കളർ",0
ex flashback itt brain wash chythen paranj poyavane njan orkunnu valland 🤣,0
മൂലത്തിൽ കയറ്റാൻ റൂമൊക്കെ എടുത്ത് തുടങ്ങിയ.. 😂😂പുരോഗതി ഉണ്ട് 😂,1
ivan aaranh ennh ivanh ariyamo enn chodikku bro,0
കുണ്ടന്റെ ഓരോരോ ലീലാവിലാസങ്ങൾ 😃😃😃😃,1
Myrente നാണം..😂,1
Kude oru kattan chaya kudi ayal sett🙌😂,0
ninte kayyil irupp kond aanh ,1
kurach alla kore over aanh,0
ഒരു ലോഡ് തെറി വഴി മാറി പോയി 😂🫶🏻😇❤️,0
ഇവരുടെ ഇപ്പോഴത്തെ പ്രശ്നം fb yum instayum തുറക്കാൻ പറ്റാത്തതാണ്,0
ivar nthinh behalam vekkunu🤔 avar engane venamenkilum jeevichoote,0
ബിജെപിയിൽ ചേർന്നാൽ മണ്ടത്തരം പറയണമെന്ന് നിയമമുണ്ട് 🤣. ഇല്ലെങ്കിൽ പാർട്ടിയിൽ നിന്ന് പുറത്താകും 🥲,0
chechikki oru pazhaya kaalam undayirnnu💀🔥,0
കുണ്ടൻ നാറിക്ക് ഇതൊക്കെ എന്ത് 😂😂,1
Kuttikale kalathil irakkital paisa kooduthal kittum ….simple !!,0
ആരാടാ എന്റെ ചിരട്ട വലിച്ചൂരാൻ നോക്കിയെ,1
Instagram ഇപ്പൊ കോടതി ആയി മാറിയിട്ടുണ്ട്,0
"പുല്ല് നല്ല ഫോയിൽ നോക്കി വരായിരുന്നു, ആ സാധനം ഊരിയപ്പോഴാ മോന്ത കണ്ടത്... ആ മൂടങ്ങ് പോയി... 🥴🥴",1
"athinh ninakk ntha , ninne avan ozhivakeele",1
Satyam njanum kuttine aalojicha mindathe😭,0
ഇപ്പൊ പരദൂഷണം കേൾക്കാൻ അയൽവക്കത്തെ വീട്ടിലേക്ക് ഓടണ്ട instayil കേറിയ മതി 😹,0
niyellam thikanjavan poda 😡nari,1
Avalda athrem tharam thazhnilla 😏,1
ith ippo adutha kaalathonnum theerula😂😂,0
ivalum kannak avalum kannak😅,0
Prethekich മേക്കപ്പ് ടെ ആവിശ്യം ഒന്നുല്ല 😂😂,0
ഷെൽഫിന്റെ മോളിൽ കറണ്ട് അടിച്ച കുരങ്ങ് ഇരിപ്പുണ്ട് 😂,0
സീരിയസ് ആയി ചെയ്തയത് ആണേൽ കോമഡി ആയിട്ടുണ്ട് എന്ന് അറിയിച്ചു കൊള്ളുന്നു 😂😂😂😂,0
chirippikkale ente bhoothame🤣🤣🤣,0
makeup illathe vannirunnel onnude pedichene,0
ippazhm kazhinjille ante kunji pengale kalyanam😁,0
എല്ലാ ദുരന്തങ്ങളും ഒരു കുടക്കീഴിൽ 😂,1
പല്ലിക്കു ശെരിയായ സ്ഥലം കൊടുത്ത ഡയറക്ടർ ബ്രില്ല്യൻസ് 😄,0
Eee myran vera paniyuonumillhh,1
